"","caseid","region","gender","educ","edloan","race","hispanic","employ","marstat","pid7","ideo5","pew_religimp","newsint","faminc_new","union","investor","CC18_308a","CC18_310a","CC18_310b","CC18_310c","CC18_310d","CC18_325a","CC18_325b","CC18_325c","CC18_325d"
"1",417614315,3,1,2,2,1,2,5,3,6,3,1,2,1,3,2,2,2,3,3,5,1,2,1,1
"2",415490556,1,2,6,2,1,1,1,1,2,2,3,3,12,3,2,4,3,2,5,5,2,2,2,1
"3",414351505,3,2,3,2,2,2,1,4,2,3,1,3,4,3,1,4,2,2,2,2,1,2,1,2
"4",411855339,1,2,5,2,6,2,5,3,3,1,2,1,6,2,1,4,3,3,3,3,2,1,2,1
"5",417056957,2,1,2,NA,4,2,8,5,1,1,4,2,4,3,2,4,2,1,1,1,2,2,2,1
"6",420208067,2,1,3,2,1,2,1,1,4,5,4,1,10,1,2,4,2,2,3,2,1,2,1,1
"7",412517331,1,1,2,2,1,2,5,5,5,4,3,2,6,3,1,1,3,3,2,2,1,1,1,1
"8",412873566,2,2,3,2,1,2,7,1,7,5,1,3,2,3,2,1,2,2,3,5,1,1,1,1
"9",412948037,1,1,5,1,1,2,1,1,1,1,4,1,11,2,1,4,3,3,3,5,2,2,2,1
"10",413463295,3,1,5,NA,1,2,1,5,1,1,3,1,2,2,2,4,2,2,2,2,2,2,2,1
"11",415732156,3,1,6,2,1,2,1,5,6,5,4,4,16,3,2,1,2,3,2,5,2,1,1,2
"12",416479672,3,2,2,2,1,2,5,4,5,3,1,1,4,3,2,4,2,3,2,5,2,1,2,1
"13",412984205,1,2,3,2,1,2,7,1,3,3,2,1,11,3,1,4,3,3,3,3,2,1,2,2
"14",413002690,3,1,6,2,1,2,1,1,6,5,1,1,11,3,1,1,2,2,2,2,1,1,1,1
"15",414239724,4,1,3,2,3,2,4,5,1,1,3,2,1,3,2,4,1,1,1,3,2,1,2,2
"16",412311163,3,2,3,1,2,2,1,2,1,3,2,3,3,2,1,4,3,5,2,5,2,2,2,1
"17",414204021,2,2,6,1,1,2,9,1,2,1,2,1,11,3,1,4,5,3,2,3,2,1,2,2
"18",412931880,4,1,3,2,1,2,1,5,2,1,4,1,9,3,1,4,3,3,3,3,2,1,1,1
"19",412881399,2,2,4,2,1,2,4,5,3,1,4,3,2,3,2,4,2,5,3,2,2,1,2,1
"20",412985437,3,2,4,2,1,2,6,3,7,3,1,1,3,2,2,1,2,3,2,2,2,2,1,1
"21",411855595,1,1,6,2,1,2,1,1,4,3,4,1,10,3,1,4,3,3,3,3,1,1,2,1
"22",413877573,1,1,5,2,1,2,3,5,3,1,4,1,8,3,2,4,2,3,3,3,2,1,2,1
"23",414018801,4,1,6,2,1,2,1,1,6,3,3,1,12,3,2,2,2,2,2,3,1,1,1,1
"24",413425778,4,2,3,2,1,2,1,5,5,4,3,2,6,3,2,2,3,3,3,3,1,1,2,2
"25",413859987,3,2,6,1,1,2,1,1,7,5,1,1,11,3,1,1,2,2,2,2,1,2,2,2
"26",417838480,3,1,5,2,1,2,1,4,5,1,2,1,7,3,1,1,2,3,2,NA,1,1,1,1
"27",413456067,3,1,5,2,1,2,6,5,2,1,4,4,6,3,1,4,2,2,2,3,2,1,2,1
"28",415423745,1,1,2,NA,1,2,2,5,1,2,4,2,2,3,2,4,3,3,3,1,2,1,1,2
"29",414480371,1,1,5,1,1,2,1,1,4,3,1,1,9,3,1,1,3,3,3,3,1,1,1,1
"30",413336030,4,2,2,2,3,2,9,5,1,3,3,1,4,1,2,4,3,3,3,5,2,1,2,1
"31",413834979,3,1,5,2,1,2,5,1,4,4,2,1,10,3,1,1,3,3,3,2,1,1,1,1
"32",412503538,3,1,6,2,1,2,5,1,1,2,3,1,11,2,1,4,2,3,2,2,2,1,2,1
"33",413497102,1,2,5,1,2,2,4,1,1,2,4,1,3,3,2,4,3,3,3,3,1,2,2,2
"34",413084367,4,1,6,1,1,2,1,1,6,4,1,1,9,3,1,2,2,2,2,3,1,1,1,1
"35",416814438,2,2,5,2,1,2,6,5,1,1,4,2,2,3,2,4,3,3,3,3,2,1,2,1
"36",417149621,3,1,2,2,1,2,1,1,3,3,4,2,8,3,1,4,2,2,2,2,2,1,1,1
"37",412380994,4,2,6,2,1,2,2,4,1,3,4,1,4,3,2,4,2,3,3,2,2,1,2,1
"38",414884778,1,2,3,NA,1,2,8,5,1,2,4,2,13,3,1,4,3,2,2,2,2,1,1,2
"39",412880622,4,2,5,2,1,2,7,1,1,2,4,1,13,3,1,4,2,3,3,2,2,1,2,2
"40",414533452,1,2,5,1,1,2,8,5,2,3,3,1,11,3,2,4,3,3,2,2,2,2,2,2
"41",412276693,3,1,4,2,1,2,1,1,3,1,2,1,10,3,1,4,2,2,2,3,2,1,2,1
"42",414146718,3,1,5,2,1,2,1,6,6,4,4,1,6,2,2,2,3,2,2,2,1,2,2,1
"43",415287363,4,1,6,2,1,2,1,1,3,2,1,1,4,3,1,4,3,3,3,3,2,2,2,1
"44",412380857,4,2,6,1,1,2,1,1,7,3,2,1,9,3,2,1,2,2,2,2,1,1,1,2
"45",412118399,2,2,5,2,1,2,1,1,2,2,3,3,11,3,1,4,5,5,5,5,2,1,1,1
"46",416806180,2,1,3,1,1,2,1,1,6,3,2,1,10,1,1,2,2,2,3,3,1,1,1,1
"47",417080245,3,1,5,2,1,2,1,1,7,4,3,1,12,3,1,1,2,3,2,2,1,1,1,1
"48",415300641,2,2,4,2,2,2,1,5,3,2,1,1,6,3,2,3,3,3,5,NA,1,1,1,1
"49",414628957,3,1,2,NA,1,2,1,1,2,3,3,2,4,3,2,1,2,2,2,2,2,1,1,2
"50",417838586,3,1,4,2,1,2,1,1,7,5,1,1,7,2,1,1,2,2,2,2,1,1,1,2
"51",415151821,3,2,2,NA,3,2,2,6,2,3,4,4,5,3,2,4,5,5,5,5,1,1,1,1
"52",415459688,3,2,2,2,1,2,2,1,4,3,4,4,7,3,2,3,5,5,5,5,2,1,2,1
"53",414273888,3,2,2,2,1,2,5,1,4,3,2,3,10,3,1,3,2,3,2,3,2,2,2,1
"54",347845625,2,2,6,1,1,1,8,1,7,4,1,1,6,3,1,1,2,2,3,3,1,1,1,1
"55",412913979,4,1,5,2,1,2,1,1,4,5,1,2,5,3,2,1,3,2,3,3,1,1,2,1
"56",418258996,4,1,4,1,3,2,8,5,3,3,3,2,1,3,2,4,3,5,5,5,2,2,1,2
"57",412982541,3,1,3,2,1,2,1,1,5,5,1,1,7,2,1,1,2,3,2,NA,1,1,1,1
"58",417353879,3,1,6,2,1,2,1,1,4,3,3,1,11,3,1,4,2,2,2,2,2,1,2,1
"59",412340210,4,2,6,2,1,2,5,3,2,3,2,2,7,2,2,4,3,3,5,2,2,1,1,1
"60",416198060,3,1,3,NA,4,2,8,5,1,2,1,2,9,3,2,3,5,1,2,1,2,2,1,2
"61",412413445,3,2,4,1,2,2,3,5,1,3,2,2,5,3,2,1,5,3,5,5,1,1,1,1
"62",412794640,2,2,4,2,1,2,1,6,1,3,1,3,5,3,2,4,1,5,1,5,2,2,2,1
"63",417834862,4,2,4,2,3,2,1,1,1,2,2,1,8,1,2,4,2,2,2,2,2,2,2,1
"64",414048247,3,1,5,1,2,2,1,1,2,3,3,1,8,3,1,3,3,2,2,2,1,1,2,1
"65",414002460,4,2,5,2,1,2,7,1,7,5,1,3,11,3,1,2,2,3,2,2,2,1,2,1
"66",414729651,2,1,2,2,1,2,5,1,2,1,4,1,2,3,2,3,2,3,3,2,2,1,2,1
"67",414170804,3,1,5,2,1,2,1,5,3,3,3,3,9,3,2,4,2,5,2,5,1,1,1,1
"68",414359624,3,2,2,NA,3,2,1,5,6,3,2,2,5,3,2,2,2,3,5,3,2,1,2,1
"69",412021973,1,1,6,2,1,2,5,1,1,2,4,1,13,2,1,4,3,3,2,2,2,2,2,1
"70",415455668,3,2,3,NA,1,2,8,5,5,3,1,1,5,3,2,4,2,2,2,3,2,1,1,1
"71",414570461,2,2,4,1,3,2,2,6,2,2,3,3,3,3,2,4,5,3,1,1,2,1,1,1
"72",414206045,3,2,1,2,2,2,4,5,2,4,1,3,5,3,2,4,3,3,3,3,2,1,1,2
"73",412944227,2,1,4,2,1,2,1,5,1,2,2,1,7,3,2,4,2,3,3,3,2,1,2,1
"74",415332185,1,2,6,2,1,2,4,4,1,1,3,1,9,3,1,4,3,3,3,3,2,2,2,1
"75",412950503,4,2,1,2,1,2,6,3,1,2,4,1,1,3,2,4,3,2,3,3,2,2,1,2
"76",414563002,3,2,4,2,1,2,1,1,3,3,3,2,6,3,2,4,2,5,2,2,1,1,1,1
"77",414378813,3,2,2,NA,1,2,7,1,6,4,2,3,4,3,1,2,3,2,1,2,2,2,2,1
"78",412348831,2,1,5,2,1,2,1,1,1,3,2,1,8,2,2,4,2,5,5,2,2,1,1,1
"79",415289823,1,2,5,1,1,2,1,1,2,3,4,4,9,1,1,4,3,5,5,5,2,1,1,2
"80",412929385,1,1,5,2,1,2,1,1,1,1,4,1,7,2,1,4,3,3,3,3,2,2,2,2
"81",413013788,4,2,2,2,1,2,5,3,3,1,3,1,4,2,2,4,3,3,3,3,2,2,2,1
"82",413317067,2,2,3,1,1,2,9,2,1,1,1,1,2,3,2,4,2,3,3,5,2,1,2,1
"83",414709279,2,1,5,1,1,2,1,5,3,3,2,4,4,1,2,2,2,3,2,2,1,1,2,1
"84",420196837,3,2,4,2,1,2,1,6,6,4,1,1,4,3,2,1,2,2,2,2,2,1,1,1
"85",416255584,2,2,2,2,1,2,5,1,7,5,1,1,4,3,2,1,1,3,2,2,2,2,2,1
"86",412992795,3,1,2,2,1,2,2,5,7,5,1,2,2,3,2,1,2,3,2,2,1,1,1,2
"87",412047867,2,1,5,2,1,2,1,1,7,5,1,1,11,3,2,1,2,3,3,3,1,2,2,1
"88",414179604,4,2,3,2,1,1,7,1,3,3,1,3,6,3,2,4,1,1,1,1,2,1,1,1
"89",412340859,2,1,4,2,1,2,5,4,4,4,2,1,4,2,1,1,2,3,3,2,1,2,1,1
"90",412942845,2,1,3,2,1,2,1,1,3,3,4,1,9,1,1,2,2,3,3,2,2,1,2,1
"91",417077498,3,1,6,2,3,2,1,1,1,2,3,1,15,2,1,4,2,2,2,2,2,2,2,1
"92",412344340,4,2,3,1,1,2,2,3,3,2,3,2,2,1,2,4,3,3,5,5,2,1,2,1
"93",414367203,1,2,2,2,1,2,7,1,6,2,3,4,7,3,2,3,5,5,5,5,1,1,1,2
"94",413821352,3,1,5,NA,1,2,1,1,6,4,2,2,10,1,1,2,2,4,3,2,1,1,2,2
"95",417211242,4,1,3,1,2,2,1,1,2,3,3,4,10,2,2,4,5,5,5,1,2,1,2,1
"96",418252134,2,1,6,1,1,2,1,1,3,3,1,1,9,1,1,4,2,2,3,2,2,1,2,1
"97",412873793,4,2,3,2,1,2,5,5,1,3,2,4,2,2,2,4,3,3,5,5,2,1,1,1
"98",414402732,3,1,5,2,2,2,1,5,6,3,3,2,7,3,1,2,2,3,5,5,1,1,1,2
"99",412274316,3,2,2,2,1,2,7,1,3,2,4,1,3,3,2,4,2,2,2,2,2,1,1,1
"100",412306590,2,2,5,2,1,2,2,1,1,3,2,2,8,3,1,4,2,3,3,2,2,2,1,1
"101",415931193,2,2,2,2,1,2,6,5,3,3,1,3,5,3,2,4,2,3,3,3,2,1,1,2
"102",414200409,4,2,5,NA,1,2,7,1,6,4,1,3,7,3,2,3,2,2,2,3,2,2,2,2
"103",420237745,3,1,5,1,1,2,8,5,1,2,1,1,3,3,2,4,2,2,2,2,2,1,1,1
"104",412348490,4,1,4,2,1,2,6,1,3,4,2,1,5,3,1,4,5,2,3,2,1,1,1,1
"105",414196043,3,2,4,2,1,2,8,1,1,2,2,3,2,3,2,4,5,5,5,5,1,1,1,1
"106",417353856,4,1,6,2,1,2,5,1,1,2,3,1,10,2,1,4,3,3,3,3,2,2,2,2
"107",415447008,3,2,5,1,1,2,8,5,6,4,1,2,8,3,2,3,5,5,2,5,1,1,1,2
"108",413307422,1,1,6,NA,1,2,1,3,6,4,3,1,11,3,1,2,3,3,2,3,1,1,1,1
"109",416386894,1,1,5,1,1,1,1,1,6,3,1,1,6,2,1,2,3,3,3,3,1,2,2,1
"110",414174679,2,2,1,2,1,2,4,5,2,4,3,3,2,3,2,4,5,5,5,5,2,2,2,2
"111",414615873,4,1,5,2,4,2,1,1,7,4,1,2,5,3,2,2,3,3,2,3,1,2,2,2
"112",416424077,3,2,3,2,2,2,1,5,1,1,1,2,5,3,2,4,NA,NA,NA,3,2,1,1,2
"113",412331497,1,1,6,1,1,2,1,3,1,1,4,1,6,2,1,4,3,3,2,2,2,2,2,1
"114",412298157,1,1,5,2,1,2,1,1,2,3,4,1,11,3,1,4,3,3,2,NA,2,2,2,2
"115",415899191,2,1,2,1,1,2,5,1,4,3,4,4,2,3,2,1,2,3,5,5,2,1,1,1
"116",414349046,3,2,3,2,1,2,7,5,7,5,2,1,6,3,2,1,3,2,2,2,1,1,1,1
"117",415217338,3,2,6,2,4,2,1,5,1,1,4,3,6,3,1,4,2,5,2,5,1,2,1,1
"118",412355022,3,2,2,NA,1,2,5,1,6,4,2,1,6,3,1,1,3,3,3,2,1,1,2,1
"119",417616011,2,1,2,1,1,2,1,1,7,4,1,1,7,1,2,1,2,2,3,5,1,1,1,1
"120",418474316,4,2,3,1,4,2,1,5,3,3,3,4,9,3,1,4,1,1,1,3,1,1,1,2
"121",415300474,4,2,3,2,3,2,1,1,2,2,2,2,7,3,2,4,3,3,3,3,2,1,1,2
"122",420344153,3,1,5,2,7,2,8,3,4,3,4,1,8,2,1,1,3,2,2,2,1,1,1,1
"123",413365248,3,1,3,2,1,2,1,4,7,4,2,3,7,1,1,1,2,5,2,5,2,2,2,1
"124",414591170,2,2,2,NA,2,2,1,1,2,4,1,1,8,3,2,4,2,2,3,3,1,2,1,2
"125",412330972,3,1,5,2,1,2,5,1,6,4,3,1,7,3,1,1,2,3,2,2,1,1,2,2
"126",415906201,2,1,2,2,1,2,6,1,2,3,2,2,3,3,2,4,5,3,2,2,2,1,1,1
"127",417080032,3,1,3,2,1,2,5,1,7,5,1,1,5,3,2,1,2,3,2,2,1,1,2,2
"128",412331705,4,1,3,2,1,2,1,1,5,3,1,1,8,3,1,1,4,2,2,2,1,1,2,1
"129",413192261,3,2,4,2,1,2,5,5,7,5,1,1,6,3,2,1,2,2,2,2,1,1,1,1
"130",413404307,3,2,5,1,1,2,1,1,2,2,2,4,10,3,1,4,5,5,2,3,2,2,2,1
"131",414342904,2,2,3,NA,3,2,8,5,3,2,4,3,1,3,2,4,2,3,2,1,1,1,1,1
"132",415474048,3,2,2,2,1,2,5,1,2,3,2,3,4,3,2,4,2,3,3,3,2,1,1,2
"133",414371249,3,2,2,2,1,2,2,1,1,4,1,1,5,3,2,4,2,3,2,5,2,1,1,1
"134",416578010,3,1,2,2,1,2,5,1,7,4,2,1,9,2,1,1,2,3,3,3,1,1,1,1
"135",414136190,1,1,2,2,1,2,1,4,3,2,3,1,3,2,2,4,3,3,3,2,2,1,2,1
"136",418962298,2,1,2,NA,1,2,1,5,3,1,4,1,4,3,2,4,5,3,5,3,2,2,2,2
"137",418067510,2,1,6,2,1,2,5,5,3,1,2,1,10,2,1,4,2,2,3,2,2,2,2,1
"138",416860489,3,2,3,2,1,2,1,1,7,3,1,2,8,3,2,1,2,3,2,2,1,1,1,1
"139",411879022,1,2,5,1,1,2,1,1,4,3,1,1,12,2,1,4,2,3,3,3,2,2,2,2
"140",412240141,1,1,6,2,1,2,1,1,3,1,2,1,9,2,1,4,2,3,3,3,2,1,2,1
"141",412888607,1,2,2,2,1,1,6,1,2,3,2,2,4,3,2,4,3,3,3,3,2,1,1,1
"142",415231154,4,1,3,1,2,1,1,5,3,3,1,1,4,3,2,4,3,5,2,2,1,1,2,1
"143",416428983,3,2,2,2,1,2,4,1,7,5,1,1,5,3,1,1,2,2,2,2,1,1,2,1
"144",414619068,3,1,3,NA,1,2,8,5,4,3,1,2,1,3,2,2,3,2,2,1,1,1,1,2
"145",412307317,3,2,3,2,1,2,5,1,5,5,1,1,6,3,2,2,2,3,2,2,1,1,1,1
"146",416244174,1,2,6,1,2,2,1,6,3,1,3,1,8,3,2,4,3,3,3,3,2,2,2,1
"147",412991840,3,1,4,1,1,2,1,1,4,2,3,1,9,2,1,4,2,2,2,2,2,2,2,1
"148",415856200,2,1,4,2,1,2,1,6,1,2,4,2,9,1,2,4,3,5,3,5,2,1,1,1
"149",412307472,2,2,4,2,7,2,6,6,1,2,4,1,5,3,2,4,2,2,3,3,2,1,2,1
"150",413410045,2,2,5,1,1,2,1,1,3,3,3,1,10,3,2,4,2,3,3,3,2,2,2,1
"151",412080189,3,1,6,2,1,2,1,1,1,1,2,2,9,3,1,4,2,3,2,3,2,1,2,1
"152",418065455,3,1,6,2,1,2,5,3,5,4,4,1,8,3,2,1,2,3,2,3,1,1,2,1
"153",412324562,2,2,2,2,1,2,5,1,4,3,2,2,7,3,1,4,5,5,5,2,2,1,1,1
"154",412345769,3,1,6,2,1,2,5,1,4,2,1,1,12,3,1,3,2,2,2,2,1,1,1,1
"155",417049513,4,2,2,2,6,2,5,1,1,1,4,1,5,3,1,4,3,2,3,2,2,1,2,1
"156",413291660,3,1,4,2,1,2,6,1,5,4,1,1,3,3,2,1,2,2,2,2,1,1,1,1
"157",412424146,1,2,2,2,1,2,1,5,7,5,1,1,6,3,2,1,3,3,3,2,1,1,2,1
"158",414327906,2,2,1,2,1,2,5,5,6,3,4,2,2,3,2,4,2,2,3,2,2,1,2,1
"159",417351589,1,1,6,1,1,2,1,1,4,3,4,1,8,3,1,4,3,3,2,3,2,2,2,1
"160",410750488,2,2,4,1,1,2,2,1,2,2,3,3,9,3,1,3,5,5,5,5,1,1,1,1
"161",412949822,2,1,2,2,1,2,1,1,7,5,3,1,10,3,2,1,3,2,3,2,2,1,1,2
"162",412297426,3,2,6,2,1,2,5,1,5,5,2,1,7,3,2,1,2,2,2,2,1,1,1,1
"163",420315117,3,1,5,2,1,2,1,1,2,2,4,1,12,2,1,4,2,3,3,3,2,1,2,1
"164",420128803,4,2,6,2,1,2,5,1,4,2,2,1,5,2,2,4,3,3,3,3,1,2,2,1
"165",413061899,3,2,2,2,1,2,2,4,7,4,2,1,2,3,2,1,2,2,2,2,1,2,1,1
"166",412925780,3,2,5,2,1,2,1,1,6,3,2,2,11,3,1,2,2,5,3,5,1,1,1,2
"167",416823935,4,1,2,2,1,2,1,1,1,2,4,1,9,3,1,4,3,3,3,2,2,2,2,1
"168",413160976,3,1,6,1,1,2,1,1,2,3,1,1,7,1,1,4,2,2,2,2,1,1,2,2
"169",418890934,3,1,3,2,1,1,3,3,3,2,3,1,11,3,2,4,2,2,2,5,2,2,2,2
"170",417080152,3,1,6,2,1,2,4,1,3,2,4,1,11,3,1,4,2,2,2,2,2,2,2,1
"171",412278455,4,2,2,2,1,2,5,3,2,3,3,3,7,2,2,3,3,3,3,3,2,1,2,1
"172",411859566,2,2,6,1,1,2,2,1,1,1,4,1,6,1,2,4,2,3,3,3,2,2,2,1
"173",413105696,3,1,5,1,3,2,1,1,2,2,2,2,8,1,1,3,3,2,2,2,2,1,2,1
"174",419282250,4,2,5,2,3,2,1,3,2,2,2,2,11,3,1,4,3,3,3,2,2,2,2,1
"175",420160112,1,1,3,2,1,2,2,1,4,4,4,1,6,1,2,4,3,3,3,5,1,2,2,1
"176",412855690,1,2,2,2,1,1,7,1,1,3,1,1,5,3,2,4,3,3,2,2,1,1,2,1
"177",412339946,2,2,1,2,1,2,7,1,7,5,2,1,5,3,2,1,3,2,5,5,1,1,1,2
"178",416161318,3,2,6,1,4,2,1,5,4,3,1,2,7,3,1,4,NA,NA,NA,3,2,1,2,1
"179",417892910,3,2,2,NA,1,2,7,1,3,3,1,3,3,3,2,2,2,3,2,3,1,1,2,1
"180",414199241,2,2,2,2,1,2,5,4,1,3,2,4,3,3,2,4,2,5,3,3,2,2,2,2
"181",412345958,3,2,5,2,3,2,9,6,1,2,2,2,4,3,1,4,2,2,2,3,2,1,1,2
"182",411854243,3,1,3,2,1,2,1,1,4,3,3,1,3,2,1,3,2,3,2,5,2,1,2,1
"183",415752437,1,1,2,2,1,2,5,1,7,5,2,1,7,1,2,1,3,3,3,2,1,1,1,1
"184",418065692,2,1,3,2,1,2,6,5,2,2,4,2,2,3,2,2,2,2,2,2,2,1,1,2
"185",413062346,3,1,1,2,1,2,2,3,4,4,2,3,3,3,2,2,2,3,5,5,1,1,2,2
"186",416382952,3,2,1,NA,2,2,4,5,1,4,2,3,1,3,2,2,2,5,2,5,1,1,1,2
"187",412274529,2,1,5,1,1,2,1,1,3,2,1,2,10,2,2,4,2,2,3,2,2,1,2,1
"188",410770153,1,1,6,2,1,2,5,1,1,1,3,1,13,3,1,4,3,3,2,3,2,2,2,1
"189",416832977,1,1,5,2,4,2,1,1,4,4,4,2,8,1,1,2,3,5,5,5,NA,1,1,2
"190",414331667,4,2,5,NA,1,2,1,1,1,3,3,2,9,3,1,3,5,5,5,5,1,1,1,1
"191",416257159,4,2,6,1,4,2,1,5,1,2,2,4,11,1,2,4,2,3,3,2,2,2,2,1
"192",412273773,2,2,3,NA,4,2,8,5,2,3,1,4,9,3,2,2,3,5,3,5,1,1,1,2
"193",412022635,3,1,5,2,1,2,5,1,7,5,1,1,7,2,2,1,3,2,2,2,1,1,2,1
"194",415802716,4,2,2,2,3,2,4,1,3,3,2,2,3,3,2,4,5,2,2,3,2,1,1,2
"195",412275442,4,2,5,2,1,2,2,1,1,2,3,3,8,2,1,4,3,3,3,5,2,1,1,2
"196",414223923,1,2,2,2,1,2,7,6,4,3,1,4,5,2,2,3,4,4,3,4,1,2,1,1
"197",420231612,3,1,4,2,1,2,5,1,7,5,3,1,6,2,1,1,2,3,2,NA,1,1,1,2
"198",410941943,3,1,6,2,1,2,1,1,3,3,1,1,10,3,1,4,3,2,2,2,2,1,2,1
"199",416974464,2,2,2,2,1,2,1,1,2,2,2,2,9,2,2,4,2,3,3,2,2,1,1,1
"200",419531882,3,1,5,1,3,2,1,1,3,3,1,2,8,3,1,4,2,5,2,3,2,1,1,1
"201",410746773,3,1,5,2,1,2,2,3,7,5,1,1,3,3,1,1,2,3,2,2,1,1,2,1
"202",410904167,2,1,5,1,1,2,1,1,7,4,1,1,9,3,1,1,2,3,2,2,1,1,1,1
"203",417352647,4,1,5,2,1,2,1,1,2,2,4,1,10,3,1,4,3,3,3,3,2,1,2,2
"204",415242245,2,2,3,NA,2,2,1,5,1,2,2,1,4,2,2,4,2,3,4,3,2,1,1,1
"205",414431857,3,1,5,2,3,2,1,5,4,4,1,1,8,1,1,3,2,2,2,3,1,1,1,1
"206",413066308,1,1,5,2,7,2,2,1,4,4,3,1,7,3,2,1,2,3,3,3,1,2,2,1
"207",418197276,3,1,2,2,1,2,1,1,5,4,2,1,8,3,2,1,2,2,2,2,1,2,1,1
"208",419611863,2,2,3,1,6,2,2,6,4,2,4,2,5,3,2,4,5,5,3,2,2,2,2,2
"209",414518088,3,2,3,2,2,2,2,4,1,3,1,1,7,3,2,4,3,3,3,2,2,1,1,1
"210",412954060,2,2,3,2,1,2,5,1,5,4,2,1,4,3,2,2,2,2,3,2,1,1,1,1
"211",414195665,1,2,5,2,1,2,1,5,1,2,4,2,1,3,2,4,3,3,5,5,2,2,2,1
"212",412369020,4,1,2,2,1,2,1,3,6,2,4,1,9,2,1,3,3,3,3,3,1,2,2,1
"213",417615808,4,2,4,1,1,1,2,1,1,2,2,2,12,3,2,4,2,2,3,3,1,2,2,1
"214",412306675,2,1,5,2,1,2,1,1,1,3,2,1,14,3,1,4,2,2,3,2,2,1,2,1
"215",412899054,4,1,5,1,1,2,1,3,3,3,2,1,7,3,1,4,3,3,3,3,2,1,1,1
"216",417130388,3,2,3,1,3,2,1,6,4,3,2,3,6,3,2,4,5,5,3,5,1,1,1,2
"217",415325555,2,2,6,2,1,2,5,1,1,1,1,1,12,1,1,4,2,2,3,2,2,1,1,2
"218",412873680,1,2,4,1,1,2,7,5,2,2,4,2,3,3,2,4,1,1,1,1,2,2,2,1
"219",416553786,2,1,5,2,3,2,1,1,2,3,3,2,4,1,2,3,2,1,1,1,2,1,1,2
"220",418251432,3,1,6,1,1,2,1,3,3,2,4,2,6,3,2,3,2,2,2,1,2,2,1,1
"221",410940752,4,2,3,2,1,2,7,1,7,5,1,1,3,3,2,1,2,2,2,2,1,2,1,1
"222",418299009,3,1,5,1,3,2,6,1,1,2,3,1,6,3,2,4,2,3,2,3,2,2,2,2
"223",415924214,3,2,2,NA,1,2,1,5,6,4,1,2,4,3,1,1,2,3,2,3,1,1,2,1
"224",414634994,3,2,1,2,1,2,6,5,4,2,4,1,8,3,2,4,2,3,2,2,2,2,1,2
"225",415949531,3,1,2,NA,2,2,3,2,4,5,1,3,2,1,2,3,NA,NA,NA,4,2,2,2,1
"226",419225499,2,2,5,1,1,2,6,1,5,5,1,1,9,3,1,2,3,3,3,3,1,1,2,1
"227",419521901,1,1,2,NA,1,2,1,5,6,4,2,2,10,3,1,2,3,5,2,1,2,1,1,1
"228",412423118,4,2,3,2,1,2,1,3,1,3,1,2,7,2,1,4,3,2,2,3,2,1,1,1
"229",412957235,4,1,3,2,1,2,5,5,1,2,4,1,3,3,2,4,2,2,2,4,2,1,1,1
"230",419421301,4,1,2,NA,1,2,1,5,1,3,2,3,2,3,1,2,2,5,5,5,1,1,1,1
"231",413491614,1,2,6,2,1,2,1,5,1,1,3,1,9,3,1,4,3,3,3,3,2,2,1,2
"232",417353362,3,1,6,2,1,2,5,1,7,4,4,1,8,3,1,1,3,2,2,2,1,1,1,1
"233",413621928,1,2,5,1,1,2,1,4,4,3,4,2,5,3,1,2,3,3,3,3,1,1,2,2
"234",415545619,4,1,3,NA,1,2,2,3,7,3,3,2,4,2,1,1,5,2,3,5,2,2,1,1
"235",412354541,1,2,2,1,1,2,2,5,1,1,2,1,2,1,2,3,3,5,2,3,2,1,2,2
"236",413580580,3,1,6,2,4,2,1,1,5,4,1,1,12,3,1,1,3,3,3,2,1,1,1,1
"237",412341718,4,1,6,2,1,2,1,1,1,1,4,1,15,3,1,4,3,3,3,3,2,2,2,2
"238",412468723,3,2,6,2,2,2,1,1,1,1,2,1,12,3,1,4,2,2,2,2,2,2,2,1
"239",412936605,3,2,2,2,1,2,2,1,7,5,1,3,2,1,2,2,5,5,5,5,1,NA,NA,NA
"240",412297019,1,2,3,2,1,2,5,1,3,3,1,1,2,3,2,4,2,4,2,2,2,1,1,1
"241",420170366,3,2,6,1,1,2,1,5,1,2,1,1,10,1,1,4,3,3,3,3,2,2,2,2
"242",420291206,4,1,3,2,2,2,4,5,2,2,3,3,3,3,2,4,3,3,3,5,2,1,1,1
"243",417928575,3,2,5,NA,3,2,7,1,2,3,2,2,7,3,2,3,2,1,2,1,2,1,1,1
"244",413659546,4,2,5,2,1,2,1,1,7,4,1,1,9,2,2,1,3,3,3,3,2,2,2,2
"245",410750912,1,1,5,1,1,2,1,5,7,5,1,2,3,3,1,1,3,3,2,2,1,1,1,2
"246",412448126,3,2,5,2,1,2,7,1,6,4,1,3,2,3,2,3,1,1,2,5,1,2,2,1
"247",416204318,1,1,2,2,1,2,5,3,6,4,2,1,6,2,1,2,3,3,2,NA,1,1,1,1
"248",412506714,2,1,5,2,1,2,1,1,3,3,4,2,14,3,1,4,2,2,2,2,2,1,2,1
"249",412872660,4,2,5,2,1,2,4,1,7,5,1,1,9,3,1,2,3,3,3,3,1,2,1,1
"250",413121467,1,2,5,1,1,2,1,1,3,1,4,1,12,2,1,4,3,3,3,2,2,1,2,1
"251",412319708,2,2,5,2,1,2,5,3,1,3,3,1,3,2,2,4,5,3,5,5,2,2,2,2
"252",417181768,3,2,2,2,1,2,5,1,3,3,1,2,6,3,2,4,5,2,5,2,2,1,2,2
"253",412933152,4,1,5,2,1,2,1,1,1,1,3,1,8,3,2,4,3,3,3,3,2,2,2,1
"254",414383640,1,1,2,NA,1,2,4,5,3,3,1,1,4,3,2,2,5,5,5,5,1,1,1,1
"255",413804303,4,2,4,2,1,2,5,4,7,5,2,1,4,3,1,1,2,3,2,5,2,1,1,1
"256",412540323,3,1,3,2,1,2,6,1,5,5,1,1,4,2,2,1,2,2,2,2,1,2,2,1
"257",414468174,1,2,3,NA,1,2,8,5,6,4,2,2,10,3,2,2,2,3,1,5,1,1,1,1
"258",420259256,2,2,2,2,1,2,1,1,4,3,1,2,10,3,1,2,3,3,3,2,1,1,1,1
"259",412943582,4,1,2,2,1,2,5,1,7,4,1,1,6,3,2,1,2,2,3,2,1,2,1,1
"260",410934387,2,2,4,2,1,2,1,3,2,3,2,2,4,3,2,3,5,3,2,3,2,1,1,1
"261",412452848,4,1,2,2,1,2,5,1,5,4,2,1,9,2,1,1,3,3,3,2,1,2,1,1
"262",412893029,3,2,6,1,1,2,1,5,1,2,2,1,9,3,1,4,2,5,2,2,2,1,1,1
"263",412350404,3,2,6,2,1,2,6,4,4,4,2,2,3,2,1,2,3,2,2,3,2,2,2,1
"264",416369140,3,1,2,2,1,2,5,3,5,5,3,2,3,2,2,1,2,2,2,2,1,1,2,1
"265",416860151,2,2,4,1,1,2,1,1,1,1,4,1,9,3,1,4,2,2,3,2,1,1,1,1
"266",412269951,1,2,6,2,1,2,1,1,1,2,4,1,9,1,1,4,3,3,3,2,2,1,2,1
"267",414160692,1,1,2,NA,2,2,2,5,3,2,1,2,3,3,2,4,3,3,3,NA,2,2,1,2
"268",414473863,2,2,2,2,1,2,5,1,7,5,1,1,5,3,1,1,2,2,3,2,1,1,1,1
"269",414332664,3,1,3,2,2,2,4,5,2,3,2,3,2,3,2,4,2,3,2,2,2,1,1,2
"270",412940299,1,2,3,2,3,2,1,3,2,2,4,2,6,2,2,2,3,3,3,5,2,2,2,1
"271",412512064,3,1,3,1,1,2,5,1,5,3,2,1,12,3,1,3,2,2,2,3,2,2,2,2
"272",414227855,1,2,3,1,1,2,1,1,2,2,4,1,7,3,2,4,3,3,5,2,2,1,1,1
"273",414365698,1,2,3,1,1,2,1,5,7,5,2,2,11,3,1,1,3,3,3,5,1,1,2,1
"274",412339519,1,2,5,1,1,2,1,1,2,3,3,1,13,3,1,4,3,3,3,3,1,2,2,1
"275",417181683,2,2,2,2,1,2,5,1,6,2,1,2,5,3,1,1,5,5,5,5,1,1,1,1
"276",415324770,1,2,3,1,1,2,8,5,2,3,4,3,6,3,2,4,3,2,4,4,1,1,2,1
"277",413314979,1,1,4,2,1,2,2,1,7,5,4,1,12,3,1,1,3,2,3,3,1,2,1,1
"278",412301293,1,1,5,2,1,2,5,1,1,1,4,1,7,1,1,4,3,3,2,2,2,1,1,1
"279",416412572,2,1,5,2,1,2,1,1,5,3,3,1,12,3,1,3,2,3,3,3,1,1,1,1
"280",416824499,4,1,2,2,1,2,1,1,5,4,3,1,6,1,2,1,2,2,5,3,1,1,1,1
"281",413622202,3,2,5,1,2,2,1,1,1,2,1,1,9,3,2,4,2,3,5,2,2,1,1,1
"282",412013435,4,1,2,2,1,2,6,3,1,2,2,2,5,3,2,4,3,3,5,5,1,1,1,2
"283",414543500,3,2,5,2,1,2,1,5,1,2,3,2,9,3,1,4,3,3,3,3,2,1,2,1
"284",412519845,3,1,4,1,3,2,6,5,7,5,1,1,2,3,2,2,2,3,2,3,1,1,1,1
"285",411879915,3,2,6,2,1,2,7,1,7,4,1,1,13,3,1,1,2,2,2,3,1,1,1,1
"286",414420609,3,2,1,NA,1,2,1,3,7,5,1,3,3,3,2,3,5,5,2,2,2,1,1,1
"287",412166647,4,2,5,1,1,2,2,5,3,2,4,2,6,3,2,4,3,3,3,3,2,1,1,1
"288",413313070,3,1,1,2,1,2,4,5,4,3,4,1,2,3,2,2,2,3,2,3,1,1,2,1
"289",413895996,3,2,4,2,1,2,1,1,7,5,1,1,10,3,1,1,3,2,3,2,1,1,1,1
"290",419798396,1,1,2,2,1,2,6,6,5,5,4,2,3,3,2,1,3,3,2,2,1,1,1,1
"291",412291969,4,1,3,2,1,2,4,5,6,3,1,1,4,3,2,4,2,2,2,1,2,1,2,1
"292",412303998,1,2,3,2,1,2,5,1,4,4,1,1,5,3,2,2,2,3,3,3,1,1,1,1
"293",413126859,1,2,5,1,4,2,6,5,4,1,3,2,2,3,1,4,2,3,3,3,2,1,1,2
"294",413497817,4,2,3,2,1,2,1,1,6,3,2,3,2,1,2,2,5,5,5,5,1,1,1,2
"295",412374007,2,2,5,2,1,2,1,1,1,2,4,4,7,3,1,4,5,3,2,2,2,1,2,1
"296",412012728,3,1,6,2,1,2,2,1,6,3,3,1,15,2,1,2,NA,NA,NA,3,1,1,1,1
"297",413672292,4,2,5,2,1,2,1,5,5,3,3,1,14,3,1,1,2,2,2,2,1,1,1,1
"298",410904812,3,1,5,2,1,2,9,4,4,3,3,2,3,3,2,4,2,3,2,5,2,2,1,1
"299",412374952,3,1,3,2,1,2,6,3,5,4,1,2,2,3,2,1,3,2,2,2,2,1,2,2
"300",415183210,3,2,5,2,2,2,4,5,1,1,2,2,7,3,2,4,2,5,2,3,2,1,1,2
"301",414212783,1,1,2,2,1,2,5,1,7,4,3,1,9,3,1,1,3,3,3,3,1,1,1,1
"302",410689586,4,1,5,2,1,2,1,1,3,1,4,1,9,3,2,4,3,3,3,2,2,1,2,1
"303",414281289,2,2,2,2,1,2,5,1,6,4,1,3,6,3,1,2,2,3,2,5,2,2,2,1
"304",414316363,3,2,2,2,1,2,7,1,7,3,2,2,4,3,2,1,2,3,2,2,1,1,1,2
"305",412961152,2,1,5,1,1,2,1,5,4,3,4,2,9,3,2,4,2,5,5,5,1,1,2,1
"306",417015985,3,2,2,2,1,2,5,5,3,1,4,1,3,3,1,4,5,1,5,1,1,1,2,1
"307",414404352,3,1,4,NA,3,2,8,5,4,3,1,3,2,3,2,4,2,5,2,5,1,2,2,2
"308",415304612,2,2,2,2,1,2,7,5,1,4,1,1,3,3,2,3,3,2,3,5,1,1,2,1
"309",417690718,4,2,3,2,3,2,1,5,5,3,4,3,3,3,2,2,2,2,3,3,1,1,2,2
"310",417080826,1,1,5,2,1,2,1,1,5,5,1,1,12,3,1,1,3,3,3,3,1,1,1,1
"311",417617392,3,1,6,2,1,2,5,1,1,3,3,1,10,3,1,4,2,2,2,2,2,1,2,2
"312",414518120,3,2,6,2,1,2,1,1,2,2,4,3,10,3,2,3,2,2,2,3,2,1,1,1
"313",413458433,2,2,2,2,1,2,1,1,1,2,1,1,6,2,1,4,2,2,2,2,2,2,2,1
"314",415918483,4,1,5,2,1,2,1,1,4,3,2,1,12,3,2,3,3,3,3,3,1,1,1,1
"315",412879923,3,1,2,2,1,2,5,1,7,5,1,1,8,2,1,1,2,2,2,2,1,2,2,1
"316",412903603,3,1,5,2,1,2,1,5,7,4,3,1,6,3,1,2,2,2,2,2,1,1,1,1
"317",415194074,2,2,4,NA,1,2,2,5,2,2,4,2,3,3,1,4,2,3,2,2,2,1,1,2
"318",413204278,3,2,2,2,1,2,4,6,1,3,3,2,5,2,2,4,2,3,2,3,2,1,1,2
"319",413947690,3,1,4,2,2,2,5,1,1,3,3,2,7,2,2,4,2,2,2,1,2,2,2,1
"320",417080443,4,1,2,2,1,2,5,1,7,5,2,1,11,2,1,1,3,3,3,3,1,2,2,1
"321",414191558,3,2,2,2,1,2,7,1,3,3,1,4,9,3,2,3,3,2,2,5,1,1,1,2
"322",412354820,2,2,4,2,3,2,1,4,7,4,2,1,8,3,1,2,2,3,3,2,1,2,2,1
"323",414755789,4,2,2,2,1,2,7,6,5,5,1,1,4,3,2,2,2,5,5,2,1,1,2,2
"324",414149158,4,1,3,2,1,2,1,1,6,4,1,1,12,2,1,1,3,3,3,3,1,1,2,1
"325",413941833,2,1,2,2,1,2,5,1,5,5,1,1,3,2,2,1,2,3,2,2,2,1,2,2
"326",411887164,4,2,3,2,1,2,1,5,7,4,4,1,2,2,2,4,3,3,3,2,2,2,2,1
"327",415717357,1,1,5,2,1,2,1,1,6,5,1,1,4,2,1,2,3,3,3,2,1,2,2,1
"328",417835248,2,1,5,2,1,2,4,1,5,5,1,1,6,2,2,2,2,3,3,2,1,2,2,1
"329",412282737,3,1,3,2,1,2,6,1,5,5,1,1,7,3,1,1,5,3,3,2,1,1,1,1
"330",413501475,3,1,5,2,4,2,1,1,1,2,1,1,8,3,1,4,2,2,2,2,2,1,1,1
"331",412873954,1,2,5,2,1,2,2,1,3,1,4,2,9,3,2,4,2,3,3,3,2,1,1,1
"332",415198395,2,1,4,1,2,2,1,5,1,4,2,1,7,3,1,4,2,2,2,3,2,2,1,1
"333",414227390,3,1,6,2,1,2,2,1,3,2,1,1,7,2,1,1,2,3,2,5,2,1,2,1
"334",420245662,1,1,6,2,1,2,1,1,7,4,1,1,8,3,1,3,3,3,2,2,1,1,1,1
"335",418874286,4,2,5,1,1,2,1,1,2,1,4,1,10,3,2,4,2,3,3,3,2,1,2,1
"336",413161427,3,1,2,2,1,2,5,5,7,5,1,1,3,3,2,1,2,2,2,2,1,1,2,1
"337",415341316,4,1,6,2,1,2,1,5,1,1,4,1,9,2,1,4,3,3,3,3,2,1,2,1
"338",413408345,3,1,2,2,1,2,5,1,7,5,1,1,6,3,2,1,3,2,2,2,1,1,1,1
"339",414220141,3,1,3,2,3,2,1,5,4,3,1,2,4,3,2,1,2,3,3,3,1,1,2,1
"340",412765525,1,2,5,2,1,2,1,1,6,5,1,4,5,3,2,3,3,5,2,3,1,1,1,1
"341",414161307,3,2,6,1,2,1,1,1,5,3,1,1,10,3,1,4,2,2,3,2,1,1,2,1
"342",412866476,3,2,2,NA,1,2,2,1,6,4,1,1,7,3,1,1,3,2,2,2,1,1,1,1
"343",420210515,4,1,3,2,1,2,1,1,4,3,2,1,6,3,2,1,5,5,5,5,2,1,1,1
"344",414231445,3,2,3,1,1,2,6,5,1,3,4,2,1,3,2,4,2,3,5,5,2,1,1,1
"345",412899005,3,2,5,2,1,2,5,1,4,3,3,1,8,2,1,2,5,3,5,5,1,1,1,1
"346",419499751,3,1,2,NA,1,2,4,5,2,1,1,2,3,3,2,2,5,1,2,3,1,1,2,1
"347",412355402,1,2,4,2,2,2,2,5,2,4,1,2,9,1,1,4,3,3,3,2,1,1,2,1
"348",412881090,4,2,2,2,1,2,2,5,4,3,2,3,1,1,2,4,5,5,5,5,2,2,2,2
"349",415705586,3,2,5,2,1,2,5,3,7,4,1,1,12,3,1,1,2,2,2,2,1,1,1,1
"350",412920581,2,1,3,2,1,2,8,5,7,5,3,2,10,3,2,1,2,3,3,3,1,1,1,1
"351",412980917,3,2,3,2,1,2,5,3,7,5,1,1,2,3,1,1,2,3,2,2,1,1,2,1
"352",418065191,4,1,6,2,1,2,1,1,7,4,1,1,11,3,1,1,2,2,2,2,1,2,2,2
"353",413041959,2,2,5,1,3,2,1,5,2,3,2,3,10,3,1,4,1,5,1,5,2,1,1,2
"354",415587029,3,2,2,2,1,2,1,1,7,5,1,4,7,3,2,1,2,5,5,2,1,1,2,2
"355",415450991,1,2,5,2,1,2,2,1,6,5,2,4,4,3,1,2,5,1,1,1,2,2,1,1
"356",412518090,3,2,2,2,1,2,7,1,7,4,2,1,10,3,2,1,2,3,2,2,1,1,1,1
"357",415226708,3,2,2,NA,1,2,8,5,2,2,1,1,16,3,2,4,2,3,2,2,1,1,1,2
"358",414403073,3,2,2,2,1,2,5,4,4,3,3,2,2,3,2,3,2,2,2,2,2,1,1,1
"359",417079656,4,1,4,2,1,2,5,1,7,5,1,1,7,3,2,1,2,5,2,2,1,2,2,1
"360",413031424,3,1,2,2,1,2,1,1,5,3,2,1,13,3,2,1,3,3,3,2,1,1,2,1
"361",414388011,2,2,2,2,1,2,5,1,2,3,2,2,6,2,2,3,2,3,2,2,2,1,1,1
"362",414725584,1,2,4,2,3,2,1,6,3,1,1,1,4,3,2,4,3,3,5,1,2,1,1,1
"363",414205974,2,2,3,1,2,2,1,6,1,3,2,3,3,3,2,4,5,3,5,NA,1,1,1,1
"364",415377411,3,2,6,1,1,2,1,1,7,4,1,1,8,3,1,1,3,3,3,2,1,1,2,1
"365",417077729,1,1,5,2,3,2,1,5,4,3,4,1,10,1,1,2,3,3,3,1,2,2,2,1
"366",413000721,3,2,6,1,1,2,1,1,3,1,4,1,5,3,2,4,2,2,2,2,2,1,1,1
"367",415504972,3,2,2,2,5,2,1,5,2,3,4,2,2,3,2,4,1,2,2,2,2,1,2,2
"368",414255330,4,2,5,1,2,2,7,5,1,2,1,3,11,2,1,3,3,3,3,2,1,2,1,1
"369",411814710,3,2,4,2,2,2,4,3,1,1,1,1,2,3,1,4,2,2,2,5,2,1,1,1
"370",415005936,2,2,5,NA,2,2,2,1,3,4,1,2,11,3,1,4,2,5,2,5,1,2,1,2
"371",412319979,4,2,6,2,1,2,5,3,1,2,3,1,6,3,1,4,3,3,3,5,2,2,2,1
"372",412879917,3,2,3,2,1,2,5,5,2,2,1,1,2,3,2,4,2,5,2,5,2,2,2,2
"373",417896692,2,2,2,NA,2,2,2,5,2,3,1,4,2,3,2,4,2,5,5,5,1,1,1,1
"374",413400265,3,2,4,2,6,2,4,3,5,1,4,2,1,3,2,3,5,5,5,5,1,1,2,1
"375",412392648,1,2,6,1,1,2,9,1,5,3,3,2,3,3,1,1,3,5,5,2,1,2,2,1
"376",414632690,3,2,5,2,1,2,2,1,7,5,1,2,7,3,1,2,2,5,2,5,1,1,2,2
"377",420241364,3,1,6,2,1,2,1,1,3,1,4,1,7,1,1,4,2,3,2,2,2,1,1,1
"378",420180782,1,2,3,1,1,2,2,5,1,1,2,1,11,3,1,4,3,3,3,3,1,1,1,1
"379",419411673,3,2,6,1,1,2,1,1,7,5,1,1,12,3,2,1,2,2,2,2,1,2,2,1
"380",417351569,1,1,6,2,1,2,1,2,1,3,1,1,7,3,1,4,3,3,2,3,2,2,2,1
"381",414235619,3,2,2,2,2,2,7,1,1,3,1,2,4,3,2,4,2,3,2,3,1,1,2,1
"382",416860483,3,2,2,2,1,2,5,1,1,2,2,1,10,3,1,4,2,3,2,3,2,2,2,1
"383",412888067,2,1,5,2,1,2,1,1,7,4,1,1,8,2,1,1,2,3,3,2,1,2,2,1
"384",417615096,4,1,2,NA,2,2,1,5,3,1,4,1,7,1,2,4,3,3,3,5,2,2,1,1
"385",411868473,4,1,5,2,1,2,5,3,2,1,4,1,3,2,2,4,3,3,3,2,2,1,2,2
"386",413778029,3,1,5,2,1,2,1,1,5,5,1,1,11,2,1,2,2,2,2,5,1,2,2,1
"387",413034618,3,2,2,2,1,2,5,6,2,2,1,3,2,3,2,4,2,2,2,2,2,2,2,2
"388",412874958,4,2,5,2,1,2,2,1,2,2,2,3,4,3,2,4,3,3,3,3,2,1,2,2
"389",414161370,3,2,2,2,1,2,5,1,1,2,4,1,11,3,1,4,2,3,2,2,2,1,2,1
"390",410535466,3,2,3,1,1,2,2,1,1,1,3,1,6,3,1,4,2,3,2,2,2,2,2,1
"391",412245935,3,2,5,2,2,2,1,1,1,3,1,1,7,2,2,4,2,3,2,3,2,2,2,1
"392",412911479,3,1,4,2,1,2,6,3,3,1,4,1,2,3,2,4,2,2,2,2,2,2,2,1
"393",417352809,1,1,6,2,1,2,5,1,1,1,1,1,9,3,2,4,3,3,2,3,2,2,2,2
"394",411869164,4,2,1,2,1,2,5,3,5,3,2,1,4,3,2,2,3,3,3,5,2,1,1,1
"395",415231066,3,2,5,2,1,2,1,5,6,4,2,2,7,3,1,2,3,2,2,5,1,1,2,2
"396",412992781,1,1,2,2,1,2,5,1,7,4,3,1,5,3,1,1,2,4,2,3,1,1,2,1
"397",420272589,3,1,6,2,1,2,1,1,1,1,4,1,8,2,1,4,2,3,2,2,2,1,2,2
"398",415196920,2,2,2,2,4,2,7,1,7,3,1,2,6,3,2,2,5,5,5,5,1,1,1,1
"399",412619479,2,1,5,1,1,2,1,1,7,5,1,1,13,3,1,2,2,2,3,2,1,1,2,1
"400",416395975,1,1,2,2,1,2,1,1,7,5,3,2,5,3,2,1,3,2,2,2,1,1,1,1
"401",413145070,2,1,2,2,1,2,2,4,1,1,4,1,3,3,2,4,2,2,3,2,2,2,2,1
"402",412012719,4,2,6,2,1,2,5,1,7,5,1,1,11,2,1,1,3,3,3,3,1,2,2,1
"403",418249092,3,1,6,1,1,2,1,1,5,4,3,1,12,3,1,2,2,2,2,2,1,2,1,1
"404",415222309,2,2,2,2,1,2,1,5,4,2,3,3,4,3,1,3,2,3,2,1,2,2,2,1
"405",412899039,2,1,5,2,1,2,1,5,3,2,4,1,5,1,1,4,2,3,3,2,2,1,2,2
"406",415712540,2,1,2,2,1,2,7,6,2,2,4,1,7,3,2,2,2,3,3,5,1,1,1,2
"407",412544849,3,1,6,2,1,1,4,1,6,3,2,1,5,3,2,1,2,3,2,3,1,2,1,2
"408",411851937,3,2,2,2,1,2,6,5,2,3,1,1,3,NA,2,4,2,2,2,3,1,1,1,1
"409",414227957,3,1,5,2,2,2,4,5,1,3,2,2,1,3,1,3,2,3,2,3,1,1,2,1
"410",414211281,3,2,2,2,1,2,5,4,4,2,1,4,2,3,2,2,2,3,3,2,2,1,2,1
"411",411800829,2,2,5,2,1,2,7,1,2,4,2,2,10,3,1,2,2,2,3,2,1,1,2,1
"412",411896870,4,1,3,2,1,2,1,1,4,5,1,1,11,2,2,1,3,3,3,2,1,2,1,1
"413",412318843,1,1,4,1,1,2,1,1,6,3,2,3,10,3,2,2,2,3,3,5,2,2,2,1
"414",415655927,2,2,5,1,1,2,1,5,3,2,2,3,7,3,2,4,5,3,5,5,1,1,2,1
"415",418916383,1,1,6,1,1,2,1,1,5,2,1,2,10,1,1,1,2,3,3,3,1,2,1,2
"416",413131138,2,2,5,1,1,2,1,5,7,4,1,1,7,3,2,1,2,2,3,5,1,1,2,1
"417",412311035,3,1,6,1,1,2,7,1,3,3,3,2,3,3,2,3,3,2,2,2,2,1,1,1
"418",415953302,3,1,3,2,1,2,6,5,7,5,2,1,8,3,2,1,2,2,2,2,1,1,1,1
"419",412374703,2,2,3,1,1,2,2,6,1,1,4,1,1,3,2,4,2,3,5,2,2,1,2,1
"420",413167298,1,2,5,2,1,2,1,3,7,5,1,2,10,3,1,1,3,3,3,2,1,2,2,1
"421",417167365,2,2,2,1,1,2,2,1,7,5,1,1,2,1,2,1,2,2,2,2,1,1,1,1
"422",412410103,3,2,4,2,1,2,5,4,1,2,1,1,4,1,2,4,2,3,2,5,2,1,2,2
"423",419256351,3,1,2,NA,1,2,1,5,4,3,1,3,13,3,1,3,5,5,5,5,1,2,1,1
"424",413992000,4,1,5,NA,1,2,1,1,2,1,2,1,10,1,1,4,3,3,5,5,1,1,1,2
"425",416480233,4,2,2,2,1,2,5,5,2,3,3,2,5,1,1,4,3,3,3,3,2,2,1,1
"426",413400296,3,2,3,1,1,2,1,3,7,5,1,2,6,3,2,1,2,2,2,2,1,1,2,1
"427",412900035,4,2,4,1,1,2,6,1,4,1,2,1,6,3,2,4,3,2,3,2,2,2,2,2
"428",414151510,3,2,2,2,1,2,5,3,4,4,4,1,1,3,2,3,5,5,2,5,2,1,2,1
"429",418065089,2,1,6,2,1,2,5,1,7,4,2,1,3,2,1,1,2,3,2,2,1,1,2,1
"430",412294020,3,2,6,2,1,2,5,1,7,5,2,1,5,3,1,1,2,2,2,2,2,1,1,1
"431",413554064,3,2,5,2,1,2,5,4,5,4,1,1,6,3,2,1,2,2,2,2,1,1,2,1
"432",413409413,3,2,5,2,1,2,7,1,3,3,4,1,10,3,1,4,3,2,2,2,2,1,2,2
"433",417000795,3,2,2,2,1,2,5,3,7,3,1,1,6,3,2,1,2,5,5,2,1,1,2,1
"434",412736795,4,2,5,2,1,2,1,1,2,2,1,1,7,2,2,4,2,2,2,3,2,2,2,2
"435",417514349,1,1,2,2,1,2,5,1,4,3,4,2,9,2,1,2,3,3,3,3,1,2,2,1
"436",415528311,3,1,2,2,1,2,4,5,4,4,4,4,2,3,2,3,5,5,5,5,2,2,1,2
"437",412038393,3,2,4,2,1,2,1,1,6,4,1,1,10,3,1,2,2,3,3,3,1,1,1,2
"438",417328857,2,2,6,1,1,2,8,1,1,2,2,2,7,3,2,4,2,5,3,3,2,1,1,1
"439",415877708,2,1,2,2,1,2,5,1,4,4,4,3,4,3,1,4,2,3,3,3,2,1,1,1
"440",416895771,4,2,3,2,1,2,5,4,7,4,1,1,9,3,1,1,3,3,3,3,1,2,1,1
"441",412933861,1,2,2,2,1,2,6,4,5,3,2,3,2,3,2,1,3,5,3,5,1,1,1,1
"442",414175310,3,2,2,2,1,2,6,5,7,5,1,1,5,3,1,1,2,2,2,2,1,1,1,1
"443",417618078,2,1,3,2,1,2,2,1,7,5,1,1,9,1,1,1,2,3,3,2,1,1,1,1
"444",414311569,3,1,3,2,2,2,1,5,2,2,3,2,4,3,2,4,2,1,2,3,1,1,1,2
"445",414203529,2,2,2,2,1,2,5,1,7,2,1,2,4,3,1,1,2,3,2,2,1,1,1,1
"446",413276863,2,2,5,2,1,2,2,1,1,3,4,1,13,2,1,4,2,3,5,2,2,1,1,1
"447",412656741,4,2,4,2,1,2,7,1,7,5,1,2,11,3,2,1,3,3,3,3,1,2,1,2
"448",416051768,4,1,2,2,1,2,5,1,4,3,2,2,5,3,2,2,2,2,2,2,2,1,1,2
"449",411666091,4,2,3,2,1,2,1,1,7,4,3,1,7,3,1,1,3,3,3,2,1,2,1,1
"450",412286683,1,1,6,1,5,2,1,1,6,4,1,2,11,2,1,1,3,3,2,3,1,1,1,1
"451",412528495,1,2,5,1,6,2,1,1,2,1,2,1,10,3,1,4,3,3,2,2,2,1,2,2
"452",410656606,3,2,5,2,1,2,1,1,7,5,1,2,8,3,1,1,3,5,5,2,2,1,1,1
"453",414196311,3,2,4,2,3,2,1,1,2,2,1,2,5,3,1,4,3,3,2,2,1,2,1,1
"454",417619944,1,1,3,2,1,2,5,4,7,5,1,1,3,2,1,1,3,3,2,2,2,1,1,1
"455",413836838,4,2,3,2,1,2,2,2,1,2,NA,1,3,3,2,4,3,3,3,2,2,1,1,1
"456",414223724,2,1,3,NA,3,2,2,5,7,3,3,2,3,2,2,2,3,3,2,3,2,1,2,2
"457",412880171,4,2,5,2,1,2,1,1,1,1,1,1,11,2,2,4,2,2,2,2,2,2,2,2
"458",416801919,3,1,5,2,3,2,1,5,6,4,2,3,12,3,2,2,NA,NA,NA,5,1,1,2,1
"459",415483714,1,2,2,NA,2,1,1,1,1,1,2,2,8,3,2,4,3,3,3,3,1,1,2,2
"460",416763015,2,2,5,2,1,2,1,1,7,4,1,2,9,3,1,1,2,2,2,2,2,2,2,2
"461",420191229,2,1,3,2,1,2,4,2,4,3,2,1,4,2,2,2,2,5,3,2,1,2,2,1
"462",412334398,3,2,6,2,1,2,5,5,1,1,4,1,4,3,1,4,2,3,2,3,2,1,2,1
"463",414259021,2,1,3,2,2,2,1,6,2,3,2,2,7,2,1,2,2,3,3,3,2,2,1,1
"464",415267229,3,2,3,1,1,2,2,5,7,5,1,4,6,3,2,2,2,2,2,2,1,1,1,2
"465",412044645,4,2,4,2,1,2,6,6,3,1,4,1,8,3,2,4,3,3,3,2,2,1,1,1
"466",412900800,4,2,5,1,1,2,7,3,2,2,4,2,2,3,2,4,3,3,3,2,2,2,2,1
"467",413081505,4,2,3,2,1,2,6,5,1,2,2,2,4,3,2,4,3,3,3,3,2,2,2,1
"468",414169770,4,2,5,2,1,2,1,1,2,1,4,3,11,3,1,1,5,3,2,5,2,1,1,1
"469",413982519,2,1,2,2,1,2,1,1,5,4,2,2,7,3,2,2,5,2,5,5,2,1,1,1
"470",417077403,3,2,5,2,1,1,1,1,1,1,4,1,10,3,2,4,3,3,3,3,2,1,2,2
"471",414877585,4,2,3,2,2,1,5,5,1,3,1,1,11,2,2,4,3,3,3,3,2,1,2,2
"472",412375254,2,1,2,1,1,2,5,1,7,4,1,1,9,3,1,1,2,2,3,2,1,1,1,1
"473",412340928,2,2,5,1,1,2,1,1,5,4,2,1,7,3,1,1,2,3,3,2,1,1,1,1
"474",412452422,4,2,3,2,1,2,4,4,1,2,2,1,1,3,2,4,3,3,3,2,2,1,2,1
"475",415998497,1,1,3,NA,1,2,1,5,1,1,4,1,5,3,2,4,3,3,3,2,2,2,1,1
"476",413705266,2,1,5,2,4,2,1,1,5,5,3,1,13,3,1,1,2,3,3,2,1,1,2,1
"477",411860946,2,1,5,2,1,2,7,1,5,4,1,1,8,2,1,1,2,3,3,3,1,1,2,1
"478",412890965,2,2,2,2,1,2,6,3,7,5,1,1,6,3,1,1,5,3,5,5,1,1,1,1
"479",410742991,4,2,5,2,1,2,6,4,1,2,4,1,6,2,1,4,2,3,2,3,2,2,2,1
"480",417837925,1,1,3,NA,1,2,1,1,4,4,1,1,13,3,1,2,3,3,3,2,1,2,2,1
"481",415151875,1,2,1,2,1,2,6,6,2,3,1,2,3,3,2,2,3,2,3,2,1,1,1,2
"482",414219984,2,2,2,2,1,2,7,6,2,3,3,3,3,3,2,4,3,3,3,3,2,2,2,2
"483",410948824,3,1,4,2,1,2,1,1,7,5,1,1,6,3,1,2,2,3,2,2,1,2,1,2
"484",415208638,3,2,3,2,3,2,1,5,4,3,1,1,6,3,2,4,2,1,2,1,2,1,1,2
"485",413291424,3,1,4,2,1,2,1,1,7,5,1,1,10,1,1,1,2,2,2,2,1,2,1,1
"486",420128783,3,2,5,1,1,2,1,1,1,1,4,1,5,3,2,4,2,2,2,5,2,2,2,2
"487",414228521,2,1,5,1,1,2,2,5,4,3,2,1,3,3,2,4,2,2,2,2,2,2,2,1
"488",410931571,3,2,4,2,1,2,5,1,2,3,2,2,4,3,2,4,3,2,2,2,2,1,2,1
"489",416916992,1,1,4,NA,3,2,1,5,7,4,3,2,12,3,2,1,3,3,3,2,1,2,1,2
"490",417080366,2,1,6,2,1,2,5,1,7,4,3,1,11,3,1,1,2,3,3,2,1,1,2,1
"491",414434758,4,1,5,2,2,2,1,1,1,4,1,1,10,3,2,4,3,3,3,3,1,1,1,1
"492",412285799,3,2,2,2,1,2,7,1,1,2,1,1,3,2,2,4,2,3,2,2,2,1,2,1
"493",417841446,1,2,2,NA,1,2,7,3,4,3,1,1,1,3,2,2,5,5,5,2,1,2,2,2
"494",415203324,3,2,2,2,1,2,2,1,2,1,4,3,5,3,2,3,1,5,1,1,1,1,1,2
"495",413112421,3,2,6,1,6,2,1,1,4,3,1,1,9,3,1,4,3,2,3,3,2,2,2,1
"496",410661738,3,1,5,1,1,2,8,5,3,2,4,2,10,3,2,4,2,3,2,2,2,2,1,1
"497",413440916,3,2,3,2,1,2,5,1,3,3,2,2,12,2,1,4,2,3,2,2,1,2,2,1
"498",414281407,4,1,3,2,2,2,1,1,2,2,2,4,6,1,2,2,2,1,1,1,1,1,1,1
"499",417618233,4,1,6,2,1,2,5,6,1,1,4,1,11,2,1,4,3,3,3,3,2,1,2,1
"500",413835774,1,2,5,1,1,2,1,1,4,3,2,1,10,3,2,1,3,3,2,2,1,1,1,1
"501",417081276,3,1,6,2,1,2,1,3,4,3,4,1,11,3,1,3,2,3,3,3,1,1,2,1
"502",417080173,4,1,5,NA,1,2,5,1,6,4,4,1,6,3,1,1,3,3,3,3,1,1,2,1
"503",420046397,3,1,6,2,6,1,9,1,5,3,4,1,11,3,1,1,NA,NA,NA,3,1,2,1,1
"504",417299439,3,2,2,2,2,1,1,1,7,5,1,1,5,3,2,3,2,3,2,3,2,1,2,2
"505",412292805,3,2,3,2,1,2,5,3,1,2,1,2,9,3,2,4,3,2,2,3,2,1,1,1
"506",420130919,2,1,6,2,1,2,1,1,7,4,1,1,11,3,1,2,2,3,3,2,1,2,2,1
"507",418941207,3,2,5,1,1,2,1,3,2,3,4,2,7,3,2,4,2,3,5,5,2,2,2,2
"508",412888236,3,2,2,2,1,2,7,1,7,5,1,4,2,3,2,1,5,5,5,5,1,1,1,1
"509",414756106,2,1,5,NA,1,2,1,5,3,3,4,3,7,3,1,4,2,3,3,1,2,1,1,1
"510",417835860,3,1,6,NA,1,2,1,5,1,1,3,1,9,3,2,4,NA,NA,NA,3,2,1,2,1
"511",412480417,2,2,3,2,1,2,1,1,1,3,2,3,6,3,1,4,2,2,2,2,1,1,1,1
"512",412374928,3,1,5,2,1,2,5,1,7,4,1,1,8,3,1,1,2,2,2,2,1,2,2,1
"513",412335974,2,1,3,2,1,2,5,1,3,1,4,1,9,3,2,4,2,2,3,2,2,2,2,1
"514",416428647,1,2,1,NA,2,2,2,5,1,4,3,2,8,3,2,2,2,4,2,2,2,2,2,1
"515",413703745,2,2,2,2,7,2,5,1,7,5,1,1,9,2,1,1,2,2,2,2,1,1,2,1
"516",411983939,1,2,3,2,1,2,5,5,1,3,3,2,3,2,2,4,3,3,3,3,2,2,2,1
"517",410747552,2,2,6,1,1,2,1,5,2,3,2,2,3,3,2,4,2,2,3,1,2,2,2,1
"518",414937019,3,1,3,2,3,2,2,5,3,4,1,2,6,3,2,4,2,2,2,2,1,1,1,2
"519",416172727,3,1,2,2,1,2,5,1,7,5,1,2,4,3,1,1,2,2,2,2,1,1,1,1
"520",414609001,4,2,2,2,1,2,1,1,4,3,4,2,4,3,2,3,3,3,3,2,2,1,2,1
"521",417616583,2,2,4,1,3,2,1,6,7,4,2,1,8,3,2,1,2,5,5,5,2,1,1,1
"522",412243434,3,1,5,1,1,2,1,5,1,2,1,1,9,3,1,4,2,3,2,NA,2,1,1,1
"523",413529185,2,2,2,2,1,2,1,3,1,4,1,1,4,3,2,2,2,3,3,4,1,1,1,2
"524",414260258,4,2,6,1,7,2,1,1,4,3,1,3,7,1,2,3,3,2,2,3,2,1,1,1
"525",413152707,2,2,3,1,1,2,1,1,7,5,1,1,8,3,2,1,2,3,2,2,1,1,1,1
"526",413134701,1,2,1,2,2,2,5,5,1,3,1,1,1,1,2,3,3,2,3,2,2,1,2,1
"527",418251869,2,1,5,1,1,2,1,1,1,1,4,1,5,3,2,4,2,3,2,2,2,1,2,1
"528",413916986,2,2,2,2,1,2,6,1,7,4,4,1,7,2,1,1,2,3,3,2,1,1,1,1
"529",414305601,3,2,2,1,1,2,2,2,6,4,2,3,11,3,2,2,3,2,2,5,1,1,1,1
"530",417351561,1,1,6,2,1,2,5,1,5,4,2,1,9,3,1,1,3,3,2,3,1,2,2,1
"531",414342012,3,2,5,1,1,2,7,5,3,3,4,3,5,3,2,2,2,1,1,1,1,1,1,2
"532",416223768,3,2,2,NA,1,2,8,5,3,3,4,2,7,3,2,3,1,5,2,2,2,1,2,1
"533",414359691,3,2,3,2,1,2,4,5,2,3,2,2,5,3,2,3,2,2,5,2,2,1,2,1
"534",413873017,3,2,2,2,1,2,4,5,7,5,2,2,3,3,2,1,2,3,2,5,1,1,1,1
"535",415967795,3,1,3,NA,1,2,8,5,2,2,3,2,7,3,2,4,2,2,3,4,2,1,2,2
"536",413120186,4,2,5,2,1,2,2,5,3,2,2,2,7,3,2,4,3,3,3,3,2,2,2,2
"537",417182725,3,2,2,2,1,2,4,5,4,4,4,2,4,3,2,3,2,3,2,2,1,1,2,1
"538",415451641,2,2,6,1,1,2,1,1,1,2,2,2,10,3,2,4,2,5,3,2,2,1,1,2
"539",418064298,3,1,5,2,1,2,5,1,7,5,1,1,9,3,1,1,2,2,2,2,1,2,2,1
"540",410746326,2,1,4,2,1,2,4,5,5,3,3,1,6,3,2,2,3,3,3,2,1,1,1,1
"541",415258128,1,2,5,1,1,2,1,5,1,1,3,2,6,3,2,4,3,3,3,3,2,1,2,1
"542",413840545,3,2,4,2,1,2,6,1,7,4,2,1,4,2,1,1,2,3,2,3,1,1,1,1
"543",416340549,2,2,2,2,1,2,5,1,7,3,2,2,7,2,2,1,2,3,5,5,1,1,1,1
"544",414210088,4,2,2,2,1,2,6,1,7,4,4,2,7,3,2,2,2,3,3,3,2,1,1,2
"545",414441761,1,2,2,NA,1,2,1,5,7,4,3,1,6,3,2,1,3,1,5,1,1,1,1,1
"546",411854286,4,1,3,2,1,2,5,1,4,3,3,1,5,3,1,3,3,3,3,3,2,1,2,1
"547",414598151,3,2,5,2,3,2,5,5,6,4,1,2,2,3,2,2,2,3,5,5,2,1,1,1
"548",413669980,1,2,2,2,1,2,2,1,6,3,3,3,8,3,2,1,2,4,3,2,1,1,1,2
"549",413065258,3,2,5,1,1,2,7,1,1,2,4,1,5,3,2,4,2,2,2,2,2,1,1,2
"550",418064125,4,1,6,1,1,1,1,1,4,3,2,2,9,3,2,4,2,3,2,2,2,2,2,1
"551",412893380,3,1,3,2,1,2,1,1,2,2,4,1,11,3,1,4,2,2,2,2,2,1,2,1
"552",417224933,2,1,3,1,1,2,1,1,2,3,2,2,10,2,1,3,2,2,3,3,1,1,1,1
"553",412293122,4,1,3,2,1,2,5,4,1,1,2,1,7,1,1,4,2,3,2,3,2,1,1,1
"554",414039258,3,1,6,1,1,2,1,5,5,4,1,3,4,3,2,1,2,3,2,2,2,1,2,1
"555",414050590,2,2,5,1,1,2,1,5,1,2,4,3,3,3,2,4,5,3,2,5,2,2,2,1
"556",420149398,3,2,6,2,1,2,5,6,3,3,2,1,5,3,1,4,2,3,2,2,2,1,2,1
"557",414573262,2,2,2,2,1,2,7,1,1,2,2,2,7,3,2,4,2,3,2,2,1,2,2,2
"558",420195675,3,2,4,1,1,2,6,5,4,4,2,2,2,3,2,1,5,5,2,5,1,1,1,1
"559",412903521,4,2,2,2,1,2,7,5,2,3,4,3,4,3,2,4,5,2,5,5,2,1,1,1
"560",414179372,3,1,2,2,1,2,6,1,7,4,2,1,3,3,2,1,2,2,2,2,1,1,2,1
"561",413123186,3,1,2,2,1,2,5,5,6,3,2,1,3,3,2,4,2,3,2,2,2,2,2,1
"562",417196589,4,1,3,2,1,2,1,6,3,2,4,3,6,3,2,4,3,5,5,5,2,1,1,1
"563",415227501,2,2,1,2,1,2,8,5,1,5,2,3,3,3,2,4,2,3,2,3,1,1,1,2
"564",415099196,4,2,2,1,1,2,1,1,7,4,2,2,4,1,2,2,5,5,1,3,2,1,1,1
"565",412898429,2,1,3,2,1,2,2,5,4,3,3,2,2,2,2,4,2,2,3,2,2,2,2,1
"566",414387768,3,2,5,2,3,2,7,1,1,3,1,1,9,3,2,4,2,3,2,3,2,1,1,1
"567",412285017,4,2,6,2,1,2,5,3,1,1,4,1,11,3,1,4,2,3,2,2,2,2,2,1
"568",414049508,2,2,2,2,1,2,6,1,6,4,2,2,5,3,2,2,2,3,5,5,1,1,1,1
"569",411986901,2,1,3,2,1,2,5,1,4,3,1,1,9,2,1,1,2,3,3,2,1,1,1,1
"570",412338999,2,2,3,1,1,2,1,1,7,5,4,4,9,3,2,1,2,5,5,5,1,1,1,2
"571",415668139,3,2,5,1,2,2,1,3,1,2,2,1,7,3,1,4,2,2,2,2,2,2,1,2
"572",416222898,4,1,4,1,3,2,1,6,4,3,2,3,5,3,1,3,3,5,5,5,2,2,2,2
"573",414347197,3,2,2,2,1,2,5,3,6,5,1,3,11,3,2,1,2,5,2,5,1,1,1,1
"574",417139281,4,2,2,2,1,2,5,1,5,4,1,1,9,3,1,2,2,5,5,3,1,1,2,2
"575",415989365,3,2,6,2,3,2,1,1,6,3,1,3,6,3,2,2,2,3,2,2,1,1,1,1
"576",412529540,3,2,2,2,1,2,1,1,7,4,1,1,4,3,1,1,2,2,3,3,1,1,2,1
"577",412469548,1,1,6,2,1,2,5,3,1,2,2,1,7,3,1,4,2,4,2,3,2,1,1,1
"578",415659562,3,1,5,2,1,2,2,5,5,4,2,1,3,3,1,2,3,2,2,2,1,1,1,1
"579",412974856,4,2,6,2,4,2,2,1,1,2,4,3,7,3,2,4,3,3,3,5,2,2,1,2
"580",412956602,1,2,6,1,1,2,1,3,1,1,4,1,8,1,2,4,3,3,3,3,2,2,2,1
"581",413217227,1,1,5,2,1,2,6,3,5,3,4,1,5,3,2,1,3,3,3,3,1,1,1,1
"582",418249787,3,1,4,2,1,2,1,3,7,5,1,1,9,2,1,1,2,3,2,3,1,2,2,1
"583",414375205,2,2,2,2,1,2,1,1,6,4,4,3,5,3,2,2,2,3,2,5,1,1,2,1
"584",416476585,3,2,2,NA,2,2,1,1,6,4,1,2,4,3,2,2,5,5,5,5,1,1,1,1
"585",413535480,4,2,3,1,1,2,1,6,3,1,4,1,9,3,2,4,2,2,2,3,2,1,1,1
"586",414290349,3,1,3,1,2,1,4,5,4,3,3,4,1,3,2,3,1,1,5,1,1,1,1,1
"587",415273823,2,1,5,2,1,2,5,3,7,5,1,1,3,2,1,1,2,3,3,2,1,2,2,1
"588",419297676,1,2,6,2,6,1,1,5,2,2,3,2,5,3,1,4,2,3,3,3,1,1,1,2
"589",412336474,2,2,2,2,1,2,5,6,1,1,2,1,3,3,2,4,2,2,2,3,1,1,1,1
"590",417087530,2,2,2,2,1,2,5,1,7,4,3,1,9,3,1,1,2,2,3,2,1,2,1,1
"591",414366778,1,1,3,1,3,2,1,6,3,1,1,1,4,3,2,3,3,3,2,3,2,2,1,1
"592",418632275,2,1,5,1,1,2,2,5,3,1,4,1,2,3,2,4,2,3,2,2,2,1,1,1
"593",416280754,2,2,2,2,1,2,1,1,1,1,4,2,3,3,2,4,2,2,3,3,2,2,1,2
"594",412954047,1,2,3,2,1,2,5,1,7,4,1,1,15,3,1,1,3,3,3,2,1,2,1,1
"595",417080384,2,1,6,2,1,2,5,1,6,5,3,1,11,2,1,2,2,2,3,3,1,1,1,1
"596",415000632,2,1,3,NA,4,2,8,5,6,4,1,1,8,2,1,2,3,3,3,2,1,1,2,1
"597",417619271,3,1,6,2,1,2,9,1,3,3,3,1,5,2,1,4,3,3,3,2,2,1,2,1
"598",414805229,3,1,3,2,2,2,1,4,1,2,2,1,7,3,2,4,2,2,4,2,2,1,1,2
"599",419435627,1,1,1,NA,1,2,4,5,3,1,4,4,3,2,2,3,5,5,5,5,1,1,1,1
"600",417553299,4,2,5,2,1,2,1,5,1,1,4,1,10,3,2,4,3,3,3,3,2,1,2,1
"601",412894794,1,2,2,2,1,2,5,1,4,4,2,2,4,3,2,2,3,3,3,3,2,1,2,1
"602",413531689,1,2,5,1,2,2,1,5,2,1,2,3,4,2,2,4,5,5,5,5,2,1,1,1
"603",417430766,4,1,2,NA,5,2,1,5,4,1,2,2,3,2,1,3,5,5,5,5,1,1,1,2
"604",412284869,3,2,3,2,1,2,6,3,3,3,1,1,3,3,1,4,2,2,2,2,2,2,2,1
"605",417831371,4,1,5,2,3,2,1,1,4,3,4,1,10,2,1,2,3,3,3,2,1,2,2,1
"606",411997070,2,2,3,1,1,2,5,1,7,5,1,1,6,3,2,1,2,3,2,3,1,1,1,1
"607",412335096,3,1,2,2,1,2,5,3,5,4,2,1,2,2,2,2,3,3,3,3,1,1,1,1
"608",414228010,3,1,2,2,1,2,5,1,1,4,2,2,4,3,1,4,2,3,2,5,2,2,1,2
"609",415927244,1,1,5,2,1,2,1,5,5,4,1,2,5,3,1,2,3,3,5,5,1,2,2,1
"610",412221321,3,2,2,2,1,2,2,1,6,3,2,2,6,3,2,2,2,2,2,2,1,1,1,1
"611",420281741,1,1,2,NA,1,2,8,5,3,3,1,2,2,3,2,4,3,2,4,2,1,1,2,2
"612",415272585,4,1,4,NA,1,2,1,5,3,3,2,1,9,2,1,4,3,3,3,3,2,2,2,1
"613",413785356,4,2,3,1,1,1,1,1,7,4,3,1,9,1,2,2,3,3,3,5,2,2,2,1
"614",412306909,2,1,2,2,1,2,5,1,4,2,4,1,4,3,2,4,2,3,2,5,2,1,1,1
"615",414355599,4,2,3,NA,2,2,2,5,5,3,2,2,12,3,2,3,3,1,5,5,1,1,1,2
"616",413072270,2,2,2,2,1,2,5,1,1,2,3,1,2,2,1,4,2,3,3,2,2,1,1,1
"617",414726069,1,1,2,2,1,2,5,4,5,4,2,2,7,3,1,1,2,3,3,3,1,1,1,1
"618",419157756,4,2,1,2,3,2,1,1,1,3,2,2,2,3,2,3,2,5,5,3,2,1,2,1
"619",412300386,3,2,3,2,1,2,1,1,1,1,3,1,5,3,1,4,2,2,2,2,2,1,1,1
"620",410941245,4,1,5,2,1,2,1,1,1,1,4,1,11,3,1,4,3,3,3,3,2,2,2,2
"621",414180319,2,2,3,NA,4,2,2,5,6,1,4,1,1,3,2,4,1,2,4,2,2,1,1,1
"622",420139947,3,1,6,2,1,2,1,1,3,3,1,1,13,3,1,4,2,2,2,2,2,2,2,1
"623",412286417,3,2,3,2,1,2,5,3,5,5,1,2,3,3,1,2,2,5,2,2,1,1,1,1
"624",414186353,3,2,3,NA,2,2,3,5,1,2,2,1,5,3,2,4,2,3,2,4,2,1,1,2
"625",419248510,4,2,4,2,2,2,1,5,3,2,1,1,5,3,1,4,5,3,5,5,2,1,1,1
"626",411632326,4,1,2,2,2,2,1,3,5,5,1,1,5,3,2,1,2,2,2,2,1,2,2,1
"627",417613667,2,1,3,2,6,2,5,5,1,4,1,2,4,1,1,2,2,3,2,3,1,1,2,1
"628",415540527,1,1,5,2,2,2,1,5,4,3,4,1,8,1,1,1,3,3,3,3,1,2,2,1
"629",412339627,1,2,5,1,2,2,1,3,3,5,1,2,4,2,2,2,3,3,2,3,1,1,2,1
"630",418063655,2,1,3,2,1,2,1,1,5,5,1,1,10,1,1,1,5,3,2,2,1,1,1,1
"631",411332246,3,1,6,2,1,2,5,1,7,5,2,1,6,2,1,3,2,2,2,2,1,1,1,1
"632",417288720,1,1,2,NA,1,2,8,5,4,3,3,4,12,3,2,3,3,5,5,5,2,2,2,2
"633",414366825,3,2,2,2,2,2,7,1,1,1,4,2,6,3,2,4,2,2,2,2,2,1,2,2
"634",412924762,4,2,2,1,1,2,4,5,7,4,1,1,8,3,2,2,3,3,3,3,1,2,2,2
"635",412364351,4,2,6,1,1,2,1,3,1,2,3,1,8,1,1,4,3,3,3,3,2,1,1,1
"636",416243567,1,1,3,NA,3,2,1,3,3,3,1,2,5,2,2,4,3,3,3,3,2,2,2,1
"637",412002664,1,1,6,2,1,2,1,1,3,1,4,1,10,2,1,4,3,3,3,3,2,1,1,2
"638",410598240,2,1,4,2,1,2,5,1,4,3,2,1,7,3,1,2,2,2,2,2,1,1,1,1
"639",413109095,2,2,6,1,1,2,1,6,4,3,4,4,9,1,2,2,2,5,5,5,2,1,1,1
"640",412297643,2,2,6,1,1,2,1,5,2,1,4,1,6,2,1,4,2,3,3,3,2,2,2,1
"641",420136383,2,2,5,2,1,2,1,5,7,3,3,1,9,1,2,2,2,3,3,2,1,1,1,1
"642",416247510,3,2,2,2,1,2,5,1,7,5,1,1,5,3,2,1,2,3,2,2,1,1,1,1
"643",414321712,3,2,2,2,1,2,1,1,7,5,1,3,11,3,2,1,2,5,5,5,1,1,2,1
"644",412951766,4,1,3,2,1,2,1,1,7,5,1,1,5,3,2,1,3,3,3,3,1,2,2,1
"645",415308143,4,2,6,2,1,2,7,1,4,3,1,1,15,3,1,4,2,2,2,2,1,2,2,1
"646",412222344,2,1,6,2,1,2,1,1,1,1,3,1,9,2,1,4,2,2,2,2,2,2,2,1
"647",416383188,3,2,3,NA,3,2,8,5,2,3,2,3,2,3,2,3,2,3,2,1,2,2,1,2
"648",418252030,1,1,6,2,1,2,1,1,1,1,4,1,10,1,1,4,3,3,3,3,2,2,2,1
"649",410692096,1,2,3,1,1,2,2,5,7,5,1,1,5,3,2,1,3,3,2,3,1,1,1,1
"650",412003389,3,2,5,2,7,2,5,4,1,1,3,1,10,1,1,4,2,2,2,2,2,2,2,1
"651",417081402,1,1,4,2,1,2,5,1,1,1,4,1,12,2,1,4,3,3,2,2,2,2,2,1
"652",417836401,2,1,3,2,1,2,5,3,5,3,2,1,2,3,1,1,2,3,3,3,1,2,2,1
"653",410922896,2,1,6,2,1,2,5,1,1,1,4,1,9,1,1,4,2,2,2,2,2,2,2,2
"654",412262917,4,1,5,1,1,2,1,1,5,5,1,2,3,3,2,2,2,2,2,2,1,2,2,2
"655",413610200,2,2,5,NA,1,2,1,5,1,1,4,1,6,1,1,4,2,2,3,3,2,1,2,1
"656",412275885,2,1,5,2,1,2,1,1,5,5,1,1,11,3,1,1,2,2,3,3,1,2,2,1
"657",412299630,1,1,6,2,1,2,5,5,4,4,4,1,8,3,1,2,3,3,3,2,1,1,1,1
"658",414451062,4,1,3,2,3,2,5,3,5,4,2,2,4,1,1,2,2,2,2,2,1,1,1,1
"659",416547815,1,2,5,1,1,1,1,1,2,3,1,1,11,1,1,2,3,3,5,5,1,1,1,2
"660",415611704,4,2,5,2,4,2,1,1,1,4,2,4,7,1,1,4,3,5,3,3,2,1,1,2
"661",412291429,4,2,3,2,1,2,5,1,5,3,1,1,7,3,2,1,5,5,3,2,1,1,1,1
"662",414368413,3,2,5,1,2,2,1,5,1,2,3,1,5,3,2,4,2,3,2,3,2,2,2,2
"663",410944680,3,1,5,2,1,2,5,1,7,4,1,1,8,3,1,1,2,2,2,2,1,1,1,2
"664",413095128,3,1,5,2,2,2,9,1,1,2,1,1,6,3,2,4,3,2,2,3,2,1,1,1
"665",417841135,3,2,2,1,1,2,7,1,4,3,1,4,5,3,2,2,2,2,2,2,2,2,1,2
"666",413510145,1,2,1,2,1,2,2,5,1,1,4,2,11,3,2,4,3,5,3,1,1,1,2,2
"667",411994727,3,1,5,2,1,2,5,1,3,3,3,1,4,3,2,4,2,3,2,2,2,1,1,1
"668",412916702,1,2,3,1,1,2,4,1,1,2,1,1,4,3,2,4,1,2,5,3,2,2,1,2
"669",418063607,3,1,6,2,1,2,5,1,6,5,3,1,12,3,1,1,2,2,2,2,1,2,1,1
"670",410909264,3,2,3,2,1,2,7,1,4,3,2,3,4,3,2,3,2,2,2,2,2,1,2,2
"671",415285663,2,2,3,2,1,2,7,5,6,5,1,2,3,3,2,2,2,5,3,5,1,1,1,1
"672",414253039,3,2,2,2,1,2,5,3,1,2,1,2,5,3,2,4,2,3,2,5,2,2,1,1
"673",417178263,2,2,2,2,1,2,7,1,7,5,1,1,3,2,2,1,2,3,5,2,1,2,2,1
"674",412982476,1,1,5,2,1,2,1,5,1,1,4,1,5,1,2,4,3,3,3,2,2,2,2,2
"675",415789775,4,2,3,2,6,1,1,6,4,3,1,2,9,3,2,4,3,3,3,5,2,2,1,1
"676",415422046,1,1,3,2,1,2,5,1,7,4,4,1,1,1,2,1,3,3,3,NA,1,1,1,1
"677",415711884,2,2,5,2,1,2,1,1,1,2,1,1,8,3,1,4,2,2,3,3,2,1,2,2
"678",412406086,3,2,2,2,1,2,5,1,7,5,1,2,5,3,2,1,2,2,2,2,1,1,1,1
"679",412387309,1,2,3,1,1,2,5,4,1,2,3,1,8,1,1,4,3,3,3,2,2,1,1,1
"680",413013793,3,2,2,2,1,2,1,1,3,1,2,1,5,3,2,4,2,3,2,3,2,1,2,1
"681",410765985,3,2,5,1,2,2,1,1,1,3,2,2,9,3,1,4,1,1,1,1,2,1,2,1
"682",420153324,1,2,3,2,1,2,1,5,6,3,2,1,7,3,1,1,3,3,2,3,1,1,1,1
"683",417570867,1,1,5,2,1,2,1,5,1,1,4,1,10,3,1,4,2,5,3,3,2,1,1,1
"684",416686618,4,2,5,1,1,2,1,1,1,3,4,3,10,3,2,4,2,2,2,2,1,1,1,1
"685",416395512,1,1,3,1,2,2,1,1,2,3,3,2,9,2,1,4,3,3,5,3,2,1,1,1
"686",417077665,3,1,3,2,3,2,1,1,6,4,1,1,8,2,1,3,2,2,2,2,1,2,1,1
"687",412979463,3,2,6,1,2,2,1,6,2,3,1,4,7,3,1,4,3,2,2,2,2,2,2,2
"688",415213627,4,2,5,1,1,2,1,5,1,1,4,1,5,3,1,4,3,3,3,2,2,1,1,1
"689",411891143,4,1,5,2,7,2,1,5,4,3,1,1,6,3,1,1,3,3,3,3,1,1,2,1
"690",415208515,2,2,5,1,1,2,1,6,1,2,4,2,5,3,1,4,3,3,3,3,2,2,2,2
"691",413059111,1,2,6,1,1,2,2,1,1,1,2,2,11,2,1,4,3,3,2,2,2,2,2,2
"692",414507543,1,2,2,NA,1,2,4,5,1,1,4,1,5,3,2,4,3,3,3,1,1,1,1,2
"693",412348722,1,2,5,1,1,2,1,1,6,3,3,1,12,3,2,4,3,3,3,3,2,1,1,1
"694",412903375,3,2,3,2,1,2,8,5,1,2,4,1,11,3,2,4,2,3,3,3,2,1,2,1
"695",412871676,2,1,5,2,1,2,1,1,6,3,4,1,9,1,1,4,2,2,2,2,2,1,2,1
"696",412282571,3,1,2,2,1,2,5,3,7,5,1,1,4,1,2,1,2,3,2,2,1,1,2,1
"697",412976130,1,1,2,2,1,2,5,1,5,4,2,1,6,2,1,1,2,3,3,3,1,1,1,1
"698",413002748,3,1,3,2,2,2,2,1,1,2,3,2,3,3,2,4,2,2,2,3,2,1,2,2
"699",419490444,2,1,5,1,3,2,1,1,3,3,4,2,11,3,2,4,2,3,3,3,2,2,2,1
"700",415194247,1,2,2,NA,1,2,7,1,4,3,2,2,8,3,1,4,3,3,2,NA,2,1,2,1
"701",414342125,3,2,6,2,1,2,2,5,1,1,4,1,2,3,2,4,2,2,4,2,2,2,1,1
"702",415008634,3,2,2,NA,1,2,7,1,7,5,2,1,8,3,2,1,3,3,2,2,2,1,1,1
"703",410920518,3,1,6,2,1,2,1,1,7,4,1,1,14,2,1,1,2,2,2,NA,1,1,1,1
"704",412984256,3,2,5,2,1,2,1,1,6,2,1,3,7,3,1,3,2,2,5,2,2,1,1,1
"705",414128106,3,1,3,2,1,2,1,1,5,4,2,3,5,3,2,2,2,2,2,1,1,1,1,1
"706",414566881,3,2,5,2,3,2,8,5,1,2,1,1,3,3,2,4,2,2,2,3,2,1,2,1
"707",414220135,3,2,1,NA,1,2,7,6,4,4,1,3,3,3,2,2,5,5,5,5,1,1,1,1
"708",417454643,4,2,3,NA,2,2,8,5,1,4,2,1,2,3,2,4,2,2,2,1,2,1,1,1
"709",412298180,4,2,4,2,1,2,5,5,1,5,2,2,4,2,2,4,2,3,3,2,2,2,2,1
"710",412924305,3,1,4,2,1,2,6,3,1,2,3,1,3,3,2,4,3,3,3,3,2,2,2,1
"711",412355892,3,2,3,2,1,2,5,1,1,2,1,1,2,2,2,4,2,2,2,2,2,2,2,1
"712",415235609,4,1,2,2,1,2,1,5,6,3,4,1,6,3,1,1,2,2,2,2,1,2,2,1
"713",413987858,1,2,2,2,1,2,1,1,1,2,1,2,9,3,1,4,3,3,2,2,2,2,2,1
"714",418113104,3,1,3,2,1,2,2,5,3,1,3,1,3,3,2,4,2,5,2,5,1,1,1,2
"715",412954354,4,2,3,2,1,2,7,1,2,3,1,2,5,3,2,3,3,5,3,3,2,1,2,1
"716",418065405,4,1,3,2,7,2,5,1,5,5,1,1,5,3,2,1,2,2,2,2,1,2,2,1
"717",420122456,2,1,5,2,1,2,5,1,1,2,4,1,11,2,1,4,2,3,3,3,2,2,2,1
"718",412518754,3,1,2,2,1,2,5,1,7,5,1,1,4,3,2,1,2,3,2,5,1,1,1,1
"719",415437539,3,1,4,2,3,2,1,1,3,2,3,1,6,3,2,4,2,2,2,3,2,1,2,1
"720",415418606,1,2,1,2,1,2,7,4,4,3,2,4,1,3,2,4,5,5,5,5,2,1,1,2
"721",415730095,3,1,2,2,1,2,5,4,1,3,3,1,5,2,2,4,2,3,2,2,2,1,1,2
"722",415460601,2,1,3,NA,1,1,1,1,4,2,2,1,5,3,2,4,2,3,3,2,2,1,1,2
"723",412379901,3,2,2,2,5,2,5,3,1,2,4,2,7,2,2,4,2,2,2,NA,2,2,2,2
"724",414227418,4,1,3,2,2,2,3,5,4,3,4,3,1,3,2,4,3,3,3,3,2,2,1,2
"725",412991669,1,2,5,1,5,2,1,3,7,4,1,1,5,2,1,1,2,3,3,3,1,1,2,1
"726",417081426,2,1,5,2,1,2,5,1,1,2,4,1,9,3,2,4,2,3,3,2,2,2,2,1
"727",419595780,3,2,3,1,5,2,1,5,1,2,2,1,4,3,2,4,2,2,2,2,2,2,2,1
"728",412348350,2,1,3,2,1,2,1,3,4,4,1,1,9,1,1,2,3,3,3,3,1,1,2,1
"729",414156220,1,1,5,1,3,2,1,1,2,2,2,2,9,1,1,3,3,3,3,3,2,1,2,1
"730",415579306,4,2,2,NA,4,2,8,5,4,2,4,4,5,3,2,4,5,5,5,5,1,2,2,1
"731",419696374,3,2,3,2,1,2,5,4,7,4,2,1,3,2,1,1,2,3,2,2,1,1,1,1
"732",412289834,4,2,5,2,1,2,5,1,1,1,4,1,9,2,2,4,3,3,3,3,2,2,2,2
"733",412243811,3,2,2,2,1,2,5,4,1,2,3,2,5,2,2,4,2,3,2,5,2,1,1,1
"734",417838062,4,1,6,2,1,2,5,1,1,1,3,1,5,3,1,4,2,2,2,2,2,1,2,1
"735",412298138,4,1,6,2,1,2,5,1,3,3,4,1,12,2,1,4,3,3,3,2,2,1,2,1
"736",414191235,2,1,2,2,1,2,1,3,2,5,2,3,9,1,2,4,2,5,3,2,2,1,2,1
"737",418249805,2,1,6,2,1,2,2,1,1,2,2,1,9,3,1,4,2,2,2,2,2,2,2,1
"738",411880045,4,2,4,NA,1,2,1,5,7,4,2,2,5,1,2,1,3,5,5,5,2,2,2,1
"739",412906234,3,2,1,NA,1,2,7,1,7,2,2,2,5,3,2,1,5,5,5,1,2,1,1,2
"740",415540912,3,1,2,NA,1,2,1,1,5,4,1,2,8,1,1,2,2,2,2,2,1,2,1,1
"741",412052437,3,1,4,2,1,2,5,1,7,5,1,1,4,2,2,1,2,2,2,2,1,1,2,1
"742",414354875,3,2,2,NA,1,2,1,5,6,4,2,3,10,3,1,2,2,5,3,5,2,1,1,1
"743",412874712,3,2,3,2,1,2,2,1,1,1,4,3,5,3,2,4,2,3,2,5,2,1,2,2
"744",416260361,4,2,6,2,4,2,1,5,2,2,2,2,7,3,1,2,3,3,3,5,2,2,2,2
"745",414481621,1,1,2,2,1,2,1,6,1,3,2,2,7,3,2,4,5,3,3,5,2,1,2,1
"746",414200927,4,1,2,2,1,2,1,1,4,3,4,4,9,3,2,1,2,3,2,2,1,1,1,1
"747",411724232,2,2,3,2,1,2,5,1,7,3,1,2,4,3,2,1,3,5,3,2,2,1,1,1
"748",413221557,4,2,2,2,1,2,8,5,1,1,4,2,4,3,2,4,5,5,3,2,2,1,1,2
"749",413056145,2,1,5,2,1,2,1,3,5,5,3,1,9,1,1,1,2,2,2,2,1,2,1,1
"750",414290551,4,2,2,2,1,2,6,6,1,1,4,1,6,2,2,4,3,3,3,2,2,2,2,1
"751",416452513,1,1,2,2,1,2,6,6,7,4,2,1,5,2,2,1,3,3,2,3,1,2,1,1
"752",410813470,3,1,4,2,1,2,2,1,5,4,1,2,6,3,1,2,2,5,2,5,1,1,2,1
"753",415339032,4,2,2,2,3,2,7,1,1,3,1,3,2,3,2,4,3,2,5,2,2,1,2,1
"754",412334272,3,2,6,2,1,2,2,1,1,3,2,1,12,1,1,4,2,2,2,3,2,2,2,1
"755",412345940,2,1,6,1,1,2,1,1,1,2,4,1,11,3,1,4,2,3,3,2,2,2,2,1
"756",420156492,4,2,6,1,1,2,1,5,7,5,1,1,4,1,2,1,3,3,3,3,1,1,1,1
"757",413674352,4,1,2,2,1,2,5,1,7,5,3,1,6,3,1,1,2,2,2,2,1,1,1,1
"758",416277978,3,1,5,2,1,2,1,5,1,1,3,1,5,3,1,4,2,3,2,2,2,2,2,1
"759",412275456,1,1,5,2,1,2,5,1,1,3,3,1,7,3,1,4,3,3,2,2,2,1,2,1
"760",414704723,2,2,4,1,1,2,7,1,4,3,1,1,3,3,2,2,2,2,3,3,1,1,2,1
"761",412894665,1,2,6,2,1,2,2,1,2,3,4,1,6,2,1,4,3,3,3,3,2,1,2,1
"762",412297908,2,2,2,2,1,2,7,1,1,2,2,2,9,3,1,3,3,3,1,2,2,2,2,1
"763",412386158,4,2,2,2,1,2,6,2,2,2,3,2,5,3,2,4,2,3,2,3,2,1,2,1
"764",414864413,3,2,3,1,2,2,1,6,2,3,3,2,9,3,2,4,3,3,3,5,2,1,1,1
"765",416187350,1,1,5,2,1,2,1,1,4,4,3,1,7,3,2,1,2,3,3,3,1,1,1,1
"766",412893015,3,2,4,2,2,2,2,5,1,2,2,1,8,3,2,4,2,3,2,5,1,1,1,2
"767",412297833,2,2,3,1,1,2,1,3,7,5,3,1,4,3,2,1,2,3,5,5,1,1,1,1
"768",414877622,1,1,5,1,3,2,2,5,1,2,4,1,1,2,2,4,3,3,3,3,2,2,2,1
"769",417617997,1,1,4,2,1,2,1,5,7,3,2,1,10,3,1,1,3,3,3,3,1,1,1,1
"770",412978406,1,1,3,2,1,2,5,1,2,4,3,2,9,1,1,2,3,3,5,5,2,2,2,1
"771",414165557,4,1,1,2,3,2,1,6,7,5,2,1,5,3,1,1,3,3,3,5,1,1,2,1
"772",412278056,3,2,5,2,1,2,5,5,1,2,2,1,4,3,1,4,2,3,2,3,2,2,2,1
"773",412340710,2,2,2,2,1,2,5,4,6,3,3,2,3,2,2,2,2,2,3,2,1,1,1,1
"774",410743528,2,2,2,NA,1,2,2,5,1,2,1,2,5,3,2,4,5,5,5,5,2,2,2,1
"775",417006676,1,1,5,2,1,2,1,1,7,4,1,2,8,2,1,2,3,3,3,2,1,1,1,1
"776",417079551,4,1,4,2,1,2,5,1,3,2,4,1,4,2,1,4,3,3,3,3,2,2,2,1
"777",412305704,2,2,6,1,1,2,1,3,2,3,1,4,8,3,1,4,5,5,5,5,2,1,1,1
"778",412317336,4,2,2,2,1,2,7,1,5,4,1,2,5,3,2,4,3,2,3,5,1,1,1,1
"779",415503070,3,2,6,2,3,2,1,5,1,2,2,2,8,3,2,4,2,2,2,NA,2,2,1,1
"780",413528907,2,1,2,NA,1,2,1,3,5,4,2,2,3,2,1,1,2,5,5,2,2,1,1,1
"781",416383420,2,1,2,2,1,2,5,1,1,2,2,2,5,2,1,4,2,2,2,2,1,1,1,1
"782",415983266,1,1,2,2,4,2,4,5,3,3,4,4,3,3,2,4,5,3,5,1,1,1,1,2
"783",417352250,4,1,4,2,1,2,1,1,1,5,4,2,9,3,2,4,3,3,3,3,2,2,2,1
"784",414785656,3,1,2,1,2,2,1,5,2,3,1,4,4,3,2,2,2,3,2,2,1,1,2,2
"785",411992681,4,1,6,2,1,2,5,1,1,2,1,1,10,1,2,4,3,3,3,3,2,2,2,1
"786",414366698,3,2,4,2,1,2,1,5,6,5,2,2,10,3,2,2,2,5,2,5,1,1,1,1
"787",420238514,3,1,6,2,1,2,5,1,5,4,1,2,11,3,1,3,2,2,2,2,2,1,1,1
"788",417077668,3,1,6,2,3,2,1,1,1,2,1,1,8,3,2,4,2,2,2,3,2,2,2,1
"789",415451404,3,2,5,2,1,2,1,5,6,3,1,2,6,3,1,2,1,1,1,2,1,1,2,1
"790",415028417,4,2,5,2,1,2,1,5,2,2,4,3,4,2,2,4,5,5,5,5,2,2,2,2
"791",415332447,2,1,3,2,1,2,9,1,7,4,3,2,3,3,2,1,2,3,3,2,1,1,2,1
"792",414582465,1,2,4,2,3,2,1,5,4,5,2,1,4,3,2,4,3,3,5,NA,1,1,2,2
"793",419001064,1,1,5,2,1,2,1,6,1,1,4,1,7,3,1,4,3,3,3,3,2,1,2,1
"794",413291223,2,2,2,1,1,2,5,1,1,2,1,1,7,3,1,4,2,2,3,2,1,1,1,1
"795",413966837,3,2,2,2,1,2,9,1,1,1,4,1,4,3,2,4,2,2,2,2,2,2,2,2
"796",414316609,3,2,2,2,1,2,2,3,5,3,4,2,2,3,2,2,2,5,3,5,1,1,1,2
"797",415798461,2,2,5,NA,1,2,1,1,6,3,2,2,6,3,2,2,5,2,5,5,1,1,1,1
"798",417606110,3,1,3,2,1,2,1,1,4,3,2,1,4,3,2,1,2,5,2,NA,2,1,1,1
"799",417836192,3,1,6,2,1,2,1,1,2,2,1,1,6,2,2,4,2,2,2,2,2,1,1,2
"800",417316773,3,1,3,2,1,2,1,1,6,4,4,2,6,3,1,2,5,5,5,5,2,2,1,1
"801",420311788,2,1,3,1,1,2,4,5,3,1,1,1,3,3,2,4,2,2,3,3,2,1,2,2
"802",413550039,3,1,6,2,1,2,2,1,7,3,2,1,7,2,2,1,2,3,2,2,1,1,1,1
"803",413829420,3,1,3,2,1,2,5,5,6,3,3,2,5,2,2,2,2,3,2,3,1,1,1,1
"804",412323912,3,1,5,2,1,2,1,5,1,2,2,1,7,3,1,4,2,2,2,2,2,2,2,2
"805",413409469,3,2,5,2,6,2,1,1,4,4,1,1,9,3,1,1,2,2,2,2,1,1,1,1
"806",412355929,2,2,4,1,1,2,1,5,1,3,4,1,5,3,2,4,5,5,5,5,2,2,2,2
"807",413784765,3,2,4,1,1,2,6,3,1,1,4,2,4,3,2,4,2,2,2,2,2,2,2,1
"808",415407015,2,2,2,NA,3,2,7,3,2,3,4,3,5,3,2,4,2,5,2,5,1,1,1,2
"809",414044676,1,2,6,1,1,2,7,1,3,1,4,2,8,2,1,4,2,3,3,3,2,2,1,1
"810",414175020,2,2,3,NA,1,2,1,5,1,2,4,2,7,3,2,4,2,2,3,3,1,1,1,1
"811",412662714,1,2,3,2,1,2,1,1,6,4,1,2,7,3,1,1,2,5,2,3,2,2,1,2
"812",412507803,1,1,6,1,4,2,1,5,2,3,2,1,9,3,2,4,3,3,2,2,2,2,2,1
"813",414751118,2,2,3,NA,1,2,8,5,1,1,4,4,9,3,2,4,1,1,1,1,2,2,1,2
"814",414601662,4,2,6,2,6,1,1,6,3,2,3,3,4,3,1,4,3,3,3,3,2,2,2,1
"815",417079909,1,1,6,2,1,2,5,1,5,4,3,1,10,3,1,1,2,3,3,3,1,1,1,1
"816",415961779,3,1,6,2,2,2,1,4,1,4,1,1,10,3,1,4,2,2,2,2,1,1,1,1
"817",412874176,3,1,3,2,1,2,6,5,6,2,2,1,2,2,1,1,2,2,3,3,1,2,2,1
"818",414127167,1,1,2,2,1,2,8,5,7,5,1,4,1,3,2,1,3,3,3,3,1,1,1,1
"819",412334265,4,2,5,2,1,2,5,3,1,1,4,1,3,3,1,4,3,3,2,2,2,1,2,1
"820",414205500,1,2,5,1,1,2,1,5,6,4,3,3,11,3,1,2,2,5,5,NA,2,1,2,1
"821",416407500,3,1,5,1,1,2,1,1,6,3,2,2,10,3,2,2,2,3,2,2,1,1,2,1
"822",412422471,1,1,3,2,1,2,6,1,2,3,2,2,10,3,2,4,2,4,2,3,2,2,2,1
"823",413021004,3,2,2,2,1,2,4,4,4,5,1,2,2,3,2,1,2,2,2,3,2,1,1,1
"824",416132023,2,2,1,2,3,2,6,3,4,3,1,4,3,3,2,4,4,4,4,4,1,1,1,1
"825",420137004,2,1,5,1,1,2,2,5,1,2,4,1,12,3,1,4,3,3,3,2,2,1,2,2
"826",413932320,2,2,2,2,1,2,7,1,6,3,3,2,2,3,2,2,3,3,2,2,1,1,1,1
"827",417834831,4,1,6,2,1,2,1,1,3,2,2,1,12,3,2,2,3,5,5,5,1,2,2,1
"828",414765320,1,1,4,2,1,2,4,5,1,1,2,1,4,3,2,4,3,3,3,NA,1,1,1,2
"829",420127425,3,2,6,1,1,2,1,3,5,3,2,1,9,3,1,2,3,3,3,2,2,1,1,1
"830",413443334,4,1,1,2,1,2,1,1,5,3,2,1,10,3,1,1,3,3,3,3,1,1,1,1
"831",412240402,3,2,6,2,1,2,5,5,1,1,1,1,4,2,1,4,2,3,2,2,1,2,2,1
"832",418249204,3,1,6,2,1,2,1,2,1,1,4,1,6,3,1,4,2,2,2,3,2,2,1,2
"833",413487858,1,2,5,1,2,2,1,5,2,1,4,2,1,3,1,4,1,1,3,1,2,2,1,1
"834",412275152,4,2,5,2,1,2,5,1,1,1,2,1,4,3,1,4,3,3,3,3,2,1,1,1
"835",412411645,3,2,4,2,1,2,1,1,6,4,1,4,6,3,2,2,2,5,5,5,1,1,1,1
"836",415710745,1,2,5,2,1,2,6,5,2,3,1,1,8,1,2,4,3,3,3,2,2,2,2,2
"837",412416456,2,1,5,2,1,2,1,1,7,5,1,1,6,2,1,1,2,3,2,2,1,2,2,1
"838",412415683,3,1,3,2,1,2,2,3,2,3,2,2,3,3,2,2,2,2,2,3,1,1,1,1
"839",414355014,3,2,1,2,1,2,7,4,1,2,4,2,1,3,2,4,2,2,5,2,2,2,2,1
"840",411688667,3,2,5,2,1,2,2,1,1,1,1,1,6,3,1,4,2,2,2,2,1,1,2,1
"841",414147140,3,2,3,1,1,2,8,5,6,4,2,3,3,3,2,2,2,5,2,5,2,2,2,2
"842",415217858,4,1,6,2,6,2,1,1,4,3,2,2,6,3,2,4,3,3,3,2,2,2,1,1
"843",414290451,1,2,1,2,1,2,5,3,1,4,1,3,1,3,2,1,4,5,5,4,1,2,2,2
"844",413594979,3,1,5,1,1,2,1,5,1,2,3,1,7,2,2,4,2,3,3,3,2,2,2,1
"845",414517744,2,2,2,NA,1,2,7,1,6,4,3,3,3,3,1,1,1,2,1,5,1,1,2,2
"846",413602073,3,2,6,1,1,2,5,1,1,2,4,1,15,2,1,4,2,2,2,2,2,1,2,1
"847",417619537,3,1,6,2,1,2,9,1,7,5,1,1,12,1,1,1,2,2,2,2,1,2,1,1
"848",416104883,3,2,6,2,4,2,1,1,1,1,4,4,13,3,2,4,5,3,3,3,2,2,2,1
"849",414255549,3,2,2,2,1,2,7,1,6,3,4,2,5,3,1,2,2,3,2,3,2,1,2,1
"850",417834343,4,1,6,2,1,2,1,1,7,4,2,1,12,3,1,1,3,2,3,2,1,1,1,1
"851",412012229,3,2,5,2,4,2,7,1,1,2,1,3,2,3,2,2,5,5,5,5,1,1,1,2
"852",412391618,2,2,6,1,1,2,1,1,1,3,1,1,11,1,2,4,2,3,3,2,1,1,2,1
"853",420149660,2,2,6,2,1,2,2,1,1,1,4,4,8,2,1,4,5,5,5,5,2,1,2,1
"854",417182884,2,2,2,2,1,2,5,4,4,3,1,4,4,3,1,1,5,5,5,3,2,1,1,1
"855",414555751,1,1,2,NA,1,2,4,5,3,1,4,1,1,2,2,4,2,4,2,2,2,1,2,1
"856",417619297,3,1,3,2,1,2,5,1,1,3,1,1,8,3,1,4,2,2,2,2,2,2,2,1
"857",412308000,3,2,3,2,1,2,5,1,3,3,1,2,4,3,2,3,2,3,2,2,2,1,1,1
"858",414598038,3,2,2,2,2,2,7,1,1,3,1,2,2,3,2,4,5,5,5,3,2,2,2,2
"859",414739136,1,1,2,2,1,2,5,1,7,4,1,2,5,2,1,1,3,3,3,5,1,1,2,1
"860",414255469,1,2,3,1,1,2,7,1,1,1,4,4,3,3,2,4,3,5,5,5,2,1,1,1
"861",416910521,3,1,3,NA,1,2,2,5,2,1,4,2,4,3,2,4,2,1,2,1,2,1,2,1
"862",418064424,3,1,5,2,1,2,1,1,5,4,1,1,13,3,1,1,2,2,2,2,1,2,1,1
"863",414195744,2,1,2,2,1,2,6,5,7,4,2,3,3,3,2,2,2,2,3,2,1,1,1,1
"864",412331351,4,2,3,2,1,2,7,1,4,2,3,1,12,3,1,4,3,3,3,3,2,2,2,2
"865",414793306,4,2,3,1,1,2,1,5,2,1,4,1,6,3,1,4,3,3,3,3,2,1,2,2
"866",416153828,1,2,2,2,1,2,5,3,6,4,2,1,2,2,2,1,3,3,3,5,1,1,1,1
"867",417838346,2,1,4,2,1,2,1,1,7,5,1,2,10,1,1,1,2,3,3,2,1,1,1,1
"868",410914971,1,1,5,1,1,2,6,1,7,5,3,1,6,3,1,1,3,3,2,2,1,1,1,1
"869",412976088,1,1,3,2,1,2,8,5,1,1,2,2,7,2,1,4,3,5,5,5,2,1,1,1
"870",415573012,4,1,5,2,1,2,5,1,7,5,1,1,6,3,1,2,2,2,2,2,2,1,2,2
"871",418066430,2,1,4,2,1,2,5,1,2,3,3,1,9,2,1,4,3,2,3,2,2,2,2,2
"872",410934005,3,1,5,1,1,2,1,1,3,1,4,2,10,2,1,4,5,3,3,2,1,2,1,1
"873",415320515,3,2,2,NA,1,2,2,5,5,5,3,3,6,3,2,3,5,2,5,5,1,1,1,2
"874",418063132,4,1,6,2,1,2,5,1,5,4,3,1,13,3,1,1,2,2,2,2,1,2,2,1
"875",410938271,4,1,5,2,1,2,1,4,6,4,2,1,16,3,1,2,3,3,3,3,2,2,2,1
"876",418068122,3,1,2,NA,1,2,7,5,5,3,2,3,5,3,2,3,5,5,5,5,2,2,1,1
"877",414161321,3,2,3,NA,1,2,7,6,1,1,3,3,2,3,2,4,2,5,2,2,2,1,2,1
"878",414538976,3,1,3,NA,2,2,2,5,7,2,2,2,5,1,1,2,2,3,2,2,1,1,1,1
"879",413570300,3,2,3,1,1,2,1,1,7,5,1,2,8,3,1,2,2,2,2,2,1,1,2,1
"880",412307617,4,2,3,1,1,2,5,1,1,2,2,1,8,2,2,4,3,3,3,3,2,2,2,1
"881",412815335,2,2,1,2,1,2,6,5,1,2,2,2,2,3,2,4,5,2,5,2,1,1,1,2
"882",411494468,3,1,3,2,7,2,1,1,7,5,2,1,12,3,1,1,3,2,2,2,1,1,2,1
"883",412324156,2,1,2,2,1,2,5,1,2,3,2,3,10,2,2,2,3,3,3,5,2,1,1,1
"884",412282924,3,2,5,1,2,2,1,5,2,3,3,3,3,2,2,3,2,2,3,3,2,1,1,2
"885",415591173,4,1,6,2,1,2,1,5,2,3,3,2,9,1,1,3,3,3,3,3,2,1,1,2
"886",412524043,4,2,1,2,3,2,1,5,2,3,2,2,2,3,2,3,1,1,1,1,1,1,2,2
"887",415171063,4,2,4,1,3,2,1,1,1,4,2,3,3,3,2,4,2,2,5,5,1,1,1,1
"888",412312551,3,1,6,1,1,2,1,5,3,3,3,1,3,1,1,4,2,5,5,5,1,1,2,1
"889",416914516,4,1,5,2,1,2,1,5,1,2,4,2,5,3,2,3,5,3,3,5,2,2,2,1
"890",414190559,3,2,3,2,1,2,6,5,5,4,2,2,10,3,2,1,5,5,5,5,1,1,2,1
"891",413715710,3,2,5,1,1,2,1,1,1,1,4,1,9,2,1,4,2,2,2,2,2,2,2,1
"892",411872051,3,1,5,2,1,2,5,2,6,4,1,1,10,2,1,1,2,2,2,2,1,1,1,1
"893",413913364,3,2,5,1,2,2,2,6,3,2,4,1,6,2,2,4,3,3,2,2,2,2,2,1
"894",412047621,3,2,2,2,1,2,5,1,7,5,3,1,2,3,2,1,2,2,2,2,2,1,2,1
"895",412349016,3,2,3,2,1,2,1,5,7,5,1,1,4,3,2,1,2,3,5,5,1,1,1,1
"896",414671712,4,2,3,1,3,2,7,1,2,2,4,2,4,3,1,3,3,2,5,5,1,1,1,2
"897",415630186,3,1,5,2,1,2,5,1,1,2,4,1,9,3,1,4,2,3,3,2,2,1,1,1
"898",412952200,3,1,2,2,1,2,6,1,1,1,1,1,4,3,1,4,2,2,2,2,2,2,2,2
"899",412012853,3,1,5,2,1,2,1,5,1,1,4,1,10,3,1,4,2,2,2,2,2,2,2,1
"900",412960000,3,1,1,2,1,2,5,4,2,4,1,3,2,2,2,3,1,2,5,5,2,1,2,1
"901",414383102,3,1,2,2,1,2,1,5,6,4,4,1,8,3,1,1,3,2,2,2,1,1,1,2
"902",412275565,1,2,4,2,1,2,4,5,1,1,4,1,2,3,2,4,3,3,3,3,2,1,1,1
"903",417158481,2,2,2,2,1,2,7,1,1,3,1,3,5,3,2,2,1,3,2,2,1,1,1,2
"904",413193964,3,2,2,2,1,2,8,5,1,1,4,2,11,3,1,4,2,2,2,2,2,2,1,1
"905",416756456,1,1,3,2,1,2,5,1,7,5,1,1,7,3,1,1,3,2,5,5,1,1,1,1
"906",411791437,1,2,5,2,1,2,5,6,5,4,2,2,12,2,1,2,2,3,3,3,1,1,1,1
"907",413292638,1,2,6,1,1,2,2,1,1,2,3,1,7,3,1,4,3,3,3,3,2,2,2,1
"908",412243894,4,2,3,2,1,2,7,1,6,4,1,3,9,3,2,2,5,2,3,5,1,1,1,2
"909",412339655,4,2,4,2,1,2,5,3,2,3,4,1,6,2,1,4,3,3,3,3,1,1,1,1
"910",417436777,3,2,3,NA,1,2,8,5,1,2,3,2,13,3,1,4,2,2,2,2,2,1,1,1
"911",412391942,3,1,4,2,1,2,6,1,4,3,4,4,8,3,2,4,2,3,5,1,2,1,1,1
"912",411873621,1,2,5,2,1,2,1,1,1,1,3,1,9,3,2,4,3,3,2,NA,2,1,2,1
"913",416592055,1,1,2,NA,1,2,1,1,5,3,2,3,10,1,2,2,2,3,3,5,1,2,2,1
"914",410941146,3,2,3,1,1,2,1,5,2,1,3,4,2,3,2,4,2,2,3,1,2,1,1,2
"915",415212732,1,1,3,1,8,1,1,5,2,2,3,2,8,3,2,3,1,3,3,1,1,1,1,2
"916",413412672,2,1,2,2,1,2,2,5,2,4,2,3,3,3,2,3,2,3,3,3,1,1,1,2
"917",413860219,4,2,4,2,1,2,1,1,4,4,1,1,8,1,2,1,3,3,2,2,1,1,1,1
"918",413331405,3,2,4,1,1,2,1,5,1,1,4,1,5,3,1,4,2,3,5,5,2,2,1,1
"919",419006322,2,2,4,1,1,2,7,1,3,2,4,1,4,2,2,4,2,5,3,5,2,1,2,1
"920",418924611,3,2,2,NA,1,2,7,1,4,3,3,3,3,NA,2,3,3,1,3,3,1,2,2,2
"921",412815779,2,1,5,2,1,2,5,1,2,3,2,2,5,1,1,2,2,2,3,2,1,2,2,1
"922",412204536,3,1,6,1,1,2,8,5,5,4,2,1,1,3,2,2,3,2,2,2,1,1,2,1
"923",412398216,2,1,3,2,1,2,1,3,3,3,1,1,8,3,1,4,2,2,3,3,2,1,1,1
"924",414976050,3,2,6,1,1,2,1,5,4,3,2,1,6,3,1,2,2,2,2,2,1,1,1,1
"925",413380512,3,2,5,1,1,2,4,5,7,4,1,2,1,3,2,1,2,2,2,5,1,2,2,1
"926",414432457,1,1,1,2,6,1,1,5,5,4,2,1,6,2,2,1,3,3,3,1,1,1,2,1
"927",414518004,1,2,2,2,1,2,2,3,2,2,2,2,2,3,2,4,3,3,2,3,2,2,2,1
"928",419001192,2,1,5,NA,1,2,1,1,1,1,4,1,14,3,1,4,2,3,3,3,2,1,2,1
"929",414191547,1,2,3,2,2,2,5,6,1,5,1,1,2,2,2,4,3,5,2,3,2,2,2,1
"930",418063225,1,1,5,2,1,2,1,1,4,4,4,1,8,1,1,1,3,3,2,2,1,1,1,1
"931",418854282,1,1,6,1,1,2,1,1,7,5,2,1,10,2,1,1,2,2,2,2,1,1,1,1
"932",414185782,4,2,5,1,1,2,1,6,2,2,4,2,8,3,2,3,3,2,3,3,2,1,2,1
"933",414734196,1,2,3,NA,1,2,1,5,7,4,2,1,9,3,2,1,3,5,3,2,1,1,1,2
"934",414179776,3,2,2,2,1,2,6,3,7,5,1,2,3,3,2,1,2,2,2,2,1,2,2,1
"935",413204395,3,2,2,2,1,2,2,4,4,3,1,3,2,3,2,3,4,4,4,4,1,2,2,1
"936",417837666,3,1,6,2,1,2,5,5,1,2,1,1,7,3,1,4,2,2,2,3,2,1,2,1
"937",414219538,3,2,5,2,1,1,2,1,7,5,1,1,8,3,1,1,2,3,2,2,1,2,2,1
"938",413020073,3,2,2,2,1,2,5,3,1,4,1,2,2,3,2,4,2,2,2,2,1,2,2,1
"939",418306559,4,2,5,2,3,2,7,1,2,2,2,1,3,3,2,4,2,2,2,3,2,1,1,1
"940",418116738,2,1,1,2,1,2,6,5,3,2,1,4,4,3,2,4,1,1,5,1,1,2,1,2
"941",420192165,3,2,3,2,1,2,5,4,4,4,1,2,9,3,2,3,5,5,5,5,1,1,1,1
"942",416472207,2,2,2,NA,1,2,5,4,2,2,3,2,3,2,1,4,2,3,5,5,1,1,1,1
"943",416335638,4,2,3,1,3,2,2,5,1,1,3,2,4,3,2,4,2,5,5,5,2,1,2,2
"944",411984486,2,2,5,2,1,2,2,1,7,5,1,1,3,3,2,4,2,2,2,2,2,1,1,1
"945",415676776,3,2,4,1,1,2,7,1,5,4,1,2,7,3,1,3,3,3,3,2,1,1,1,1
"946",414362101,1,2,2,2,1,2,2,4,7,4,1,1,4,1,2,1,3,3,3,2,1,1,1,1
"947",413800647,3,2,3,NA,1,2,7,1,4,3,4,4,9,3,2,3,5,5,5,1,1,1,2,1
"948",412391730,2,1,6,2,1,2,1,5,1,2,4,1,9,3,1,4,2,2,3,3,2,2,2,2
"949",412905800,3,1,2,2,1,2,1,1,7,5,2,1,16,2,1,1,2,2,2,2,1,2,1,1
"950",414379114,2,1,2,2,1,2,2,5,5,4,2,1,6,3,2,1,3,3,3,5,1,2,2,2
"951",413432066,3,1,3,2,2,2,1,5,2,2,2,2,4,3,2,4,2,2,2,2,2,2,2,1
"952",420128728,3,2,3,2,1,2,1,1,7,3,1,2,6,3,2,2,2,2,3,2,2,1,1,1
"953",410933174,2,1,5,2,1,2,1,3,5,5,1,1,8,3,2,1,2,2,3,3,1,1,1,1
"954",419690598,3,1,4,2,1,2,1,1,3,3,2,1,9,3,1,4,3,3,3,2,2,2,2,1
"955",415545763,2,2,6,1,1,2,1,1,1,1,3,2,9,1,1,4,2,2,3,2,2,2,2,2
"956",414327580,3,2,2,2,1,2,5,1,6,4,1,1,5,3,1,2,2,2,2,2,2,1,1,1
"957",412022594,1,2,5,2,1,2,5,3,1,2,3,2,9,3,1,4,3,3,2,2,2,1,1,1
"958",414091490,2,2,3,2,2,2,2,5,3,2,4,1,5,3,2,4,2,3,3,3,2,1,2,2
"959",414842386,4,2,3,2,4,2,8,5,1,2,4,2,11,3,2,4,3,5,3,5,2,1,1,2
"960",417841646,2,2,2,2,1,2,6,1,2,1,3,3,2,2,2,4,2,3,3,3,2,1,1,1
"961",413327747,3,2,6,1,1,2,4,5,1,1,3,1,2,3,2,4,2,3,2,3,2,1,2,1
"962",418227956,1,1,3,NA,1,2,8,5,1,1,4,1,2,3,2,4,2,1,3,5,2,1,1,1
"963",417619375,2,1,6,2,1,2,5,1,1,3,1,2,7,3,1,4,2,2,2,2,2,1,2,1
"964",412003311,3,1,5,2,1,2,9,5,7,4,4,1,1,2,1,1,2,3,3,3,1,1,2,1
"965",415226726,3,2,3,2,1,2,1,6,4,3,3,1,2,3,2,4,5,5,5,5,2,1,1,1
"966",412999988,3,1,3,2,1,2,1,2,2,2,2,2,6,2,1,2,2,3,2,3,1,1,2,1
"967",417615837,2,2,2,2,1,2,1,1,1,1,2,1,9,3,1,4,2,3,2,2,2,1,2,1
"968",412534260,2,1,2,2,2,2,5,1,4,4,1,1,3,2,2,1,5,3,2,2,1,1,1,1
"969",416653141,1,2,6,1,1,2,1,1,2,3,4,2,13,3,1,4,3,3,3,3,1,1,2,1
"970",412374726,1,2,3,1,1,2,8,5,3,3,4,4,1,3,2,2,5,5,5,5,1,1,1,2
"971",414506279,3,2,1,2,1,2,5,1,7,4,2,2,7,2,1,1,2,2,2,2,1,1,1,1
"972",413001437,1,1,2,2,1,2,5,1,7,4,1,1,10,3,1,1,3,3,3,3,1,1,1,1
"973",419596968,3,1,3,2,1,2,5,1,4,4,3,3,11,2,2,1,2,2,2,3,1,1,2,1
"974",415708845,2,1,4,2,2,2,2,5,1,2,2,1,3,3,2,1,5,2,5,2,1,2,2,1
"975",412290979,4,1,6,2,1,2,5,6,1,1,4,1,5,2,1,4,3,3,3,3,2,1,1,1
"976",414231501,3,2,2,2,1,2,5,3,2,4,1,3,2,3,2,2,3,3,3,3,1,1,1,1
"977",413632505,2,2,3,1,1,2,7,1,7,4,1,1,4,3,2,1,5,3,2,2,1,1,1,1
"978",415341672,1,2,3,1,1,2,5,4,4,3,2,3,2,3,2,2,5,5,5,5,1,1,1,1
"979",416718487,2,1,2,NA,1,2,6,5,3,2,4,1,2,3,2,4,1,3,5,2,2,1,1,2
"980",412333988,3,2,2,2,1,2,1,1,7,4,1,1,4,3,2,1,2,2,2,2,1,1,1,2
"981",413086828,3,1,5,1,1,2,1,5,6,4,1,1,4,3,2,3,2,2,2,2,1,2,2,1
"982",411885475,2,1,6,2,1,2,5,3,5,4,2,1,2,3,1,2,3,5,3,3,1,1,2,1
"983",413379901,1,2,5,2,3,2,1,3,1,2,2,1,9,1,2,4,3,3,5,3,2,1,2,2
"984",412311020,4,1,3,2,1,2,5,1,7,5,1,1,6,3,1,1,3,3,3,2,1,2,2,1
"985",412350107,1,2,3,2,2,2,2,4,2,2,1,2,2,3,2,4,2,3,2,5,2,1,2,1
"986",411873042,4,1,5,2,4,2,5,1,1,3,4,1,12,2,1,4,3,3,3,3,1,1,1,1
"987",410922953,4,2,3,2,1,2,5,3,3,2,4,1,3,2,1,4,2,2,2,2,2,1,2,1
"988",413869858,4,2,1,NA,3,2,7,5,7,2,1,1,2,3,2,4,3,5,5,5,2,2,2,2
"989",413261069,1,1,3,2,1,1,1,3,5,3,2,1,6,1,1,1,3,3,3,3,1,1,1,1
"990",412379539,4,1,2,2,1,2,6,3,5,4,2,1,2,3,2,1,3,3,2,5,1,1,1,1
"991",410745596,3,2,4,2,4,2,1,1,5,3,2,2,4,3,2,2,2,3,3,5,1,1,2,2
"992",414118145,1,1,4,2,1,2,1,6,2,4,3,2,3,3,2,2,3,2,3,2,1,1,1,2
"993",412285035,1,2,2,2,1,2,7,1,5,3,3,1,6,1,1,2,3,3,3,3,1,1,1,1
"994",413120971,3,2,4,2,1,2,1,1,5,5,1,2,7,3,2,2,5,5,5,5,2,2,1,1
"995",412324065,3,2,6,2,1,2,1,1,3,3,1,1,10,1,1,4,2,2,2,2,2,1,1,1
"996",410945270,2,1,6,2,1,2,5,1,3,3,2,1,14,3,1,4,2,2,3,2,2,1,2,1
"997",414240025,2,2,5,1,2,2,1,5,1,2,2,3,6,3,2,4,2,3,3,2,2,2,1,2
"998",420156780,2,2,5,2,1,2,1,5,2,3,3,1,6,3,1,4,2,2,3,2,1,2,2,1
"999",412382118,2,2,6,NA,3,2,5,1,5,4,1,1,9,3,1,1,2,2,2,2,1,1,1,1
"1000",414206234,2,1,1,NA,7,2,4,5,4,5,1,2,1,3,2,4,1,3,1,1,1,1,1,1
